Species,estimate_Phi_K1,estimate_Phi_K2,p.value_Phi_K1,p.value_Phi_K2,Compared.to,Divergence,Clade,Diff,Improvement,estimate_Phi,estimate_Phi_Reference,Corr.Diff
alloascoidea_hylecoeti.max.cds,-0.08673720427684867,-0.303918902092061,7.466350485652303e-5,1.064651426067689e-45,yHMPu5000034604_sporopachydermia_lactativora_160519.max.cds,566.0487339,Alloascoideaceae,-0.21718169781521235,-2.5039047502846605,-0.08673720427684867,0.550403261981179,-0.6371404662580276
ambrosiozyma_kashinagacola.max.cds,0.4628777646025633,-0.06489340365985767,4.9562573367036446e-119,0.0021497908259831924,ambrosiozyma_kashinagacola.max.cds,0,Pichiaceae,-0.527771168262421,-1.1401955518765878,0.4628777646025633,0.4628777646025633,0
ambrosiozyma_monospora.max.cds,0.47302106925798204,0.4702304628971406,5.7739882058633244e-121,2.2482165755294476e-119,ambrosiozyma_kashinagacola.max.cds,88.3492345,Pichiaceae,-0.002790606360841441,-0.005899539242974959,0.47302106925798204,0.4628777646025633,0.010143304655418739
arxula_adeninivorans.max.cds,0.4739248397847428,0.2661142128608026,4.406072292852901e-110,4.608056897672046e-33,candida_apicola.max.cds,573.8503890999999,Dipodascaceae/Trichomonascaceae,-0.2078106269239402,-0.43848857345888015,0.4739248397847428,0.39904673424737797,0.07487810553736485
ashbya_aceri.max.cds,0.29170634711079685,-0.039648118778837275,9.702415126878368e-39,0.08338012629509091,kluyveromyces_lactis.max.cds,190.5457706,Saccharomycetaceae,-0.33135446588963413,-1.135917915984797,0.29170634711079685,0.6781042181162042,-0.3863978710054074
brettanomyces_anomalus.max.cds,0.23295224038453186,0.39054144058309,1.0611738674191792e-26,8.880828860356473e-76,dekkera_bruxellensis.max.cds,20.5001938,Pichiaceae,0.15758920019855813,0.6764871629413276,0.39054144058309,0.41163376410668223,-0.02109232352359225
candida_apicola.max.cds,0.3134694316989414,0.39904673424737797,2.8145825710883546e-47,4.78655012269074e-78,candida_apicola.max.cds,0,Dipodascaceae/Trichomonascaceae,0.08557730254843654,0.27300047116117426,0.39904673424737797,0.39904673424737797,0
candida_arabinofermentans.max.cds,0.12849889731110087,0.4747249877180021,2.3547272021166362e-9,6.068300100047075e-121,candida_arabinofermentans.max.cds,0,Pichiaceae,0.3462260904069012,2.694389583504941,0.4747249877180021,0.4747249877180021,0
candida_boidinii_JCM9604.max.cds,0.4561777066995137,-0.11052403093330977,3.814671580750966e-112,2.40447634581546e-7,ogataea_methanolica.max.cds,229.0655941,Pichiaceae,-0.5667017376328235,-1.2422828413360245,0.4561777066995137,0.5568540526531175,-0.10067634595360381
candida_glabrata.max.cds,0.5064509002599861,0.4537606159522425,2.7845807094493206e-131,1.4743482339074732e-102,candida_glabrata.max.cds,0,Saccharomycetaceae,-0.052690284307743585,-0.10403828738520374,0.5064509002599861,0.5064509002599861,0
candida_infanticola.max.cds,0.5363685963314394,0.4566900633747068,1.8716018323331762e-142,7.806612892170635e-99,candida_apicola.max.cds,338.3226522,Dipodascaceae/Trichomonascaceae,-0.0796785329567326,-0.14855182332020175,0.5363685963314394,0.39904673424737797,0.13732186208406144
candida_sorboxylosa.max.cds,0.49654087278303255,0.46867601862760166,1.0112319128725377e-109,2.2822022924850374e-96,pichia_membranifaciens.max.cds,58.508275100000006,Pichiaceae,-0.027864854155430885,-0.05611794654335868,0.49654087278303255,0.4612726812516182,0.03526819153141436
candida_succiphila.max.cds,0.29158582934388677,-0.03999817535759637,9.622746058390358e-43,0.06583212746681313,ogataea_methanolica.max.cds,213.1476475,Pichiaceae,-0.33158400470148314,-1.1371746200684665,0.29158582934388677,0.5568540526531175,-0.2652682233092307
candida_versatilis.max.cds,0.5658195210182058,0.5400992019158984,8.841349185093856e-177,3.2081757501706606e-158,candida_versatilis.max.cds,0,Dipodascaceae/Trichomonascaceae,-0.02572031910230732,-0.04545675457789613,0.5658195210182058,0.5658195210182058,0
cyberlindnera_fabianii_JCM3601.max.cds,0.4989766056900438,0.03939088252928491,1.1618844814853988e-139,0.06392264305354296,yHMPu5000035703_cyberlindnera_americana_160613.max.cds,73.8065735,Phaffomycetaceae,-0.4595857231607589,-0.9210566546004486,0.4989766056900438,0.5525777127689699,-0.053601107078926125
cyberlindnera_jadinii.max.cds,0.5769170099083948,0.5245638293651566,2.2072909629882713e-199,5.792928301692354e-159,cyberlindnera_jadinii.max.cds,0,Phaffomycetaceae,-0.05235318054323823,-0.09074646724587143,0.5769170099083948,0.5769170099083948,0
dekkera_bruxellensis.max.cds,0.17435953740296367,0.41163376410668223,8.215356066983048e-16,9.194529717454909e-87,dekkera_bruxellensis.max.cds,0,Pichiaceae,0.23727422670371856,1.3608330822497667,0.41163376410668223,0.41163376410668223,0
eremothecium_coryli.max.cds,0.6057792273578729,0.6313340231654926,4.498400735439097e-194,1.387567349747546e-215,kluyveromyces_lactis.max.cds,190.5457706,Saccharomycetaceae,0.025554795807619657,0.04218499851683225,0.6057792273578729,0.6781042181162042,-0.07232499075833132
eremothecium_cymbalariae.max.cds,0.3550876615944407,0.5060535408173099,4.619454396562465e-58,3.4405089960812666e-125,kluyveromyces_lactis.max.cds,190.5457707,Saccharomycetaceae,0.1509658792228692,0.42515101354125096,0.5060535408173099,0.6781042181162042,-0.17205067729889434
eremothecium_gossypii.max.cds,0.2641996338546373,-0.024769673334162894,5.193316061002239e-32,0.2781301359854797,kluyveromyces_lactis.max.cds,190.5457706,Saccharomycetaceae,-0.2889693071888002,-1.0937536247600979,0.2641996338546373,0.6781042181162042,-0.41390458426156695
eremothecium_sinecaudum.max.cds,0.604600228319934,0.610174654880297,7.288791223574748e-190,2.7152876324291747e-194,kluyveromyces_lactis.max.cds,190.5457706,Saccharomycetaceae,0.0055744265603629994,0.00922002060080798,0.604600228319934,0.6781042181162042,-0.07350398979627026
geotrichum_candidum.max.cds,0.42692872228191253,0.15269188872905626,1.1477007742683762e-77,1.685906873470244e-10,candida_apicola.max.cds,607.6621834,Dipodascaceae/Trichomonascaceae,-0.2742368335528563,-0.6423480530592418,0.42692872228191253,0.39904673424737797,0.027881988034534566
hanseniaspora_uvarum.max.cds,0.6898027488186109,0.45879077038041427,2.5042931684490374e-206,9.67831449166074e-77,hanseniaspora_valbyensis.max.cds,58.17554729999999,Saccharomycodaceae,-0.23101197843819665,-0.3348957058142183,0.6898027488186109,0.6918472099993018,-0.002044461180690904
hanseniaspora_valbyensis.max.cds,0.6918472099993018,0.4218632956667534,6.271155997681857e-220,1.5431181951648915e-67,hanseniaspora_valbyensis.max.cds,0,Saccharomycodaceae,-0.2699839143325484,-0.3902363273717919,0.6918472099993018,0.6918472099993018,0
hanseniaspora_vinae.max.cds,0.6968640092490872,0.532798102291129,4.5319615511635327e-218,1.5557708720168396e-110,hanseniaspora_valbyensis.max.cds,204.9584314,Saccharomycodaceae,-0.1640659069579582,-0.23543461102941599,0.6968640092490872,0.6918472099993018,0.005016799249785375
kazachstania_africana.max.cds,0.6608284304411346,0.6587374421835451,9.702450173335273e-221,7.051075644472893e-219,naumovozyma_castellii.max.cds,153.4440277,Saccharomycetaceae,-0.0020909882575894656,-0.0031641923398992244,0.6608284304411346,0.6568091455440525,0.004019284897082143
kazachstania_naganishii.max.cds,0.24402962926145974,0.5828881591241822,1.5646226852026237e-25,2.0742896923982612e-162,naumovozyma_castellii.max.cds,153.4440277,Saccharomycetaceae,0.33885852986272247,1.3885958475135023,0.5828881591241822,0.6568091455440525,-0.07392098641987022
kluyveromyces_lactis.max.cds,0.6781042181162042,0.632641066333763,3.652822494214396e-285,4.497977735247639e-237,kluyveromyces_lactis.max.cds,0,Saccharomycetaceae,-0.0454631517824412,-0.06704449046009377,0.6781042181162042,0.6781042181162042,0
kluyveromyces_marxianus.max.cds,0.5208409148240166,0.518882622505634,5.888071876233223e-148,1.1393465753718788e-146,kluyveromyces_marxianus.max.cds,0,Saccharomycetaceae,-0.001958292318382626,-0.003759866520940084,0.5208409148240166,0.5208409148240166,0
komagataella_pastoris.max.cds,0.5157064738633679,0.45391651202656835,5.1722144960192815e-146,1.8320392229832563e-109,komagataella_pastoris.max.cds,0,Pichiaceae,-0.06178996183679952,-0.11981614536250762,0.5157064738633679,0.5157064738633679,0
kuraishia_capsulata.max.cds,0.6882916536515632,0.6439442947292048,1.20989e-318,3.434648516934335e-266,kuraishia_capsulata.max.cds,0,Pichiaceae,-0.044347358922358415,-0.0644310572227403,0.6882916536515632,0.6882916536515632,0
lachancea_cidri.max.cds,0.6339966307543985,0.6267422414123747,1.9661932139550316e-206,2.120303953148394e-200,lachancea_waltii.max.cds,140.12771700000002,Saccharomycetaceae,-0.007254389342023826,-0.011442315290211811,0.6339966307543985,0.628730608752812,0.0052660220015865455
lachancea_dasiensis.max.cds,0.5951907347566651,0.5975260998035581,1.9205332571280485e-181,3.2390675765242513e-183,lachancea_waltii.max.cds,82.92678649999999,Saccharomycetaceae,0.002335365046893023,0.003923725472386264,0.5951907347566651,0.628730608752812,-0.033539873996146885
lachancea_fantastica.max.cds,0.6150599140955628,0.5833334256154105,4.4940882713616185e-199,1.803452941284366e-174,lachancea_waltii.max.cds,82.92678649999999,Saccharomycetaceae,-0.03172648848015236,-0.0515827608872962,0.6150599140955628,0.628730608752812,-0.013670694657249127
lachancea_fermentati.max.cds,0.4961213245964964,0.4924484545112585,1.8565770992490123e-116,1.6431981161023936e-114,lachancea_waltii.max.cds,140.12771700000002,Saccharomycetaceae,-0.003672870085237867,-0.0074031691506610256,0.4961213245964964,0.628730608752812,-0.13260928415631557
lachancea_kluyveri.max.cds,0.40620325500241194,0.7245207056160458,2.00421303103152e-85,0,lachancea_kluyveri.max.cds,0,Saccharomycetaceae,0.3183174506136338,0.7836408169888833,0.7245207056160458,0.7245207056160458,0
lachancea_lanzarotensis.max.cds,0.614427769242266,0.5988717738261639,4.402497041536215e-196,7.385923484493624e-184,lachancea_waltii.max.cds,82.92678649999999,Saccharomycetaceae,-0.015555995416102197,-0.02531785865617109,0.614427769242266,0.628730608752812,-0.014302839510545895
lachancea_meyersii.max.cds,0.6360016957109192,0.60779780277606,1.0821934348285421e-216,5.389180690937599e-193,lachancea_waltii.max.cds,82.92678649999999,Saccharomycetaceae,-0.028203892934859254,-0.044345625373424666,0.6360016957109192,0.628730608752812,0.007271086958107298
lachancea_mirantina.max.cds,0.3891127199338263,0.5361424841506813,1.3033381067994924e-68,1.381284225346663e-139,lachancea_waltii.max.cds,126.8780066,Saccharomycetaceae,0.14702976421685504,0.3778590539056636,0.5361424841506813,0.628730608752812,-0.09258812460213062
lachancea_nothofagi.max.cds,0.6263808126680633,0.6047058009418672,2.470111201634068e-208,1.5341133324261884e-190,lachancea_waltii.max.cds,82.9267864,Saccharomycetaceae,-0.021675011726196125,-0.034603569087424006,0.6263808126680633,0.628730608752812,-0.002349796084748612
lachancea_quebecensis.max.cds,0.26649680309487345,0.5911813343496721,3.578777651006351e-33,8.638463532294115e-185,lachancea_thermotolerans.max.cds,15.5899876,Saccharomycetaceae,0.3246845312547987,1.218343062596553,0.5911813343496721,0.6254184838608111,-0.03423714951113899
lachancea_thermotolerans.max.cds,0.254234754468064,0.6254184838608111,9.794074611544722e-32,6.590036420932789e-224,lachancea_thermotolerans.max.cds,0,Saccharomycetaceae,0.37118372939274713,1.4600038856582602,0.6254184838608111,0.6254184838608111,0
lachancea_waltii.max.cds,0.628730608752812,0.6373988743941393,3.973761109093552e-217,5.88511697219881e-225,lachancea_waltii.max.cds,0,Saccharomycetaceae,0.008668265641327388,0.01378693119223555,0.628730608752812,0.628730608752812,0
lipomyces_starkeyi.max.cds,0.3641799999868258,0.4284480647722092,2.7962244426340093e-70,2.2749621515051808e-99,lipomyces_starkeyi.max.cds,0,Lipomycetaceae,0.06426806478538338,0.1764733505071895,0.3641799999868258,0.3641799999868258,0
nadsonia_fulvescens_var_elongata.max.cds,0.46492314703708937,0.3757642299484798,1.599738938411021e-112,4.81893956865291e-71,yarrowia_lipolytica.max.cds,611.5004866,Dipodascaceae/Trichomonascaceae,-0.08915891708860957,-0.19177130168031167,0.46492314703708937,0.542023883979959,-0.07710073694286967
nakaseomyces_bacillisporus.max.cds,0.4712822850185919,0.472519560323618,1.8793794106318472e-104,4.5803260901674816e-105,candida_glabrata.max.cds,142.6898146,Saccharomycetaceae,0.0012372753050261531,0.002625338028517968,0.4712822850185919,0.5064509002599861,-0.0351686152413942
nakaseomyces_bracarensis.max.cds,0.503789271029168,0.15369667886158953,3.185248005195122e-127,7.057195894553643e-12,candida_glabrata.max.cds,64.8098278,Saccharomycetaceae,-0.3500925921675785,-0.6949187136367362,0.503789271029168,0.5064509002599861,-0.00266162923081803
nakaseomyces_castellii.max.cds,0.44599802832655777,0.4159093930062685,6.265497578425404e-92,5.3680295815702214e-79,candida_glabrata.max.cds,142.6898146,Saccharomycetaceae,-0.03008863532028927,-0.06746360613562737,0.44599802832655777,0.5064509002599861,-0.0604528719334283
nakaseomyces_delphensis.max.cds,0.45384225332662226,0.38985198658889486,2.4566873347848816e-99,1.5190648187337302e-71,candida_glabrata.max.cds,64.8098279,Saccharomycetaceae,-0.0639902667377274,-0.1409967147586735,0.45384225332662226,0.5064509002599861,-0.05260864693336381
nakaseomyces_nivariensis.max.cds,0.5151020210656204,-0.032278032056125366,1.3135150258678941e-132,0.15421022602303092,candida_glabrata.max.cds,64.8098279,Saccharomycetaceae,-0.5473800531217458,-1.0626633768381455,0.5151020210656204,0.5064509002599861,0.00865112080563435
naumovozyma_castellii.max.cds,0.6568091455440525,0.5312414347215004,3.541553131798476e-237,3.7670998445854158e-140,naumovozyma_castellii.max.cds,0,Saccharomycetaceae,-0.12556771082255203,-0.19117838366659914,0.6568091455440525,0.6568091455440525,0
naumovozyma_dairenensis.max.cds,0.6316299060440211,0.5618012368500593,3.257573946271238e-207,6.8861017691434e-155,naumovozyma_castellii.max.cds,102.4336102,Saccharomycetaceae,-0.0698286691939618,-0.11055313962460657,0.6316299060440211,0.6568091455440525,-0.025179239500031314
ogataea_methanolica.max.cds,0.5568540526531175,0.32879302724588233,2.9103011214646817e-181,3.416426159625209e-57,ogataea_methanolica.max.cds,0,Pichiaceae,-0.22806102540723516,-0.40955260057935106,0.5568540526531175,0.5568540526531175,0
ogataea_parapolymorpha.max.cds,-0.23855837963646423,0.6005882435721083,9.167792447420228e-27,1.810365901753544e-192,ogataea_parapolymorpha.max.cds,0,Pichiaceae,0.8391466232085725,3.51757345303626,0.6005882435721083,0.6005882435721083,0
ogataea_polymorpha.max.cds,-0.3441919952886565,0.39238029577040945,1.115414730417038e-52,2.9674010153752374e-69,ogataea_polymorpha.max.cds,0,Pichiaceae,0.736572291059066,2.1400041289203715,0.39238029577040945,0.39238029577040945,0
pichia_membranifaciens.max.cds,0.4612726812516182,0.17030609350946033,8.635478196185667e-105,2.434764097142748e-14,pichia_membranifaciens.max.cds,0,Pichiaceae,-0.2909665877421579,-0.6307908522842683,0.4612726812516182,0.4612726812516182,0
saccharomyces_arboricola.max.cds,0.5620827034865067,0.5462142066263226,9.195534802207645e-153,1.099706082256207e-142,saccharomyces_cerevisiae.max.cds,24.574122000000003,Saccharomycetaceae,-0.0158684968601841,-0.028231604996479025,0.5620827034865067,0.6264323060379771,-0.06434960255147038
saccharomyces_cerevisiae.max.cds,0.6264323060379771,0.6260271679120283,2.0861050474166307e-224,4.917802851269617e-224,saccharomyces_cerevisiae.max.cds,0,Saccharomycetaceae,-4.051381259487785e-4,-6.467388767210504e-4,0.6264323060379771,0.6264323060379771,0
saccharomyces_eubayanus.max.cds,0.6637671653663035,0.6531608954766737,1.2099692145357908e-224,3.3967631834828714e-215,saccharomyces_uvarum.max.cds,10.7607962,Saccharomycetaceae,-0.010606269889629871,-0.015978901101226878,0.6637671653663035,0.6822176451712058,-0.01845047980490222
saccharomyces_kudriavzevii.max.cds,0.6777243378725512,0.6562948510814458,2.2601474602605338e-246,6.596796735906433e-226,saccharomyces_kudriavzevii.max.cds,0,Saccharomycetaceae,-0.021429486791105345,-0.03161976867818379,0.6777243378725512,0.6777243378725512,0
saccharomyces_mikatae.max.cds,0.6875965332783629,0.6974198832641387,7.649014452366646e-256,3.325700647823316e-266,saccharomyces_mikatae.max.cds,0,Saccharomycetaceae,0.009823349985775831,0.01428650307316049,0.6875965332783629,0.6875965332783629,0
saccharomyces_paradoxus.max.cds,0.6735213044498563,0.6711622653726678,3.1955375791650336e-242,6.368268411076212e-240,saccharomyces_paradoxus.max.cds,0,Saccharomycetaceae,-0.002359039077188485,-0.0035025455937364725,0.6735213044498563,0.6735213044498563,0
saccharomyces_uvarum.max.cds,0.24882422173485624,0.6822176451712058,2.155439044928857e-27,1.607995273691752e-252,saccharomyces_uvarum.max.cds,0,Saccharomycetaceae,0.4333934234363495,1.741765413409663,0.6822176451712058,0.6822176451712058,0
saprochaete_clavata.max.cds,0.4213259576721891,0.4207580486771777,2.2322408562032758e-84,3.927061046998324e-84,candida_apicola.max.cds,607.6621834,Dipodascaceae/Trichomonascaceae,-5.679089950114125e-4,-0.0013479088688223468,0.4213259576721891,0.39904673424737797,0.022279223424811145
sporopachydermia_quercuum.max.cds,0.5581999935560985,0.5372794087546973,1.0237161901045678e-179,3.921806399943093e-164,yHMPu5000034604_sporopachydermia_lactativora_160519.max.cds,203.3221168,Sporopachydermia clade,-0.020920584801401243,-0.03747865468095665,0.5581999935560985,0.550403261981179,0.007796731574919558
starmerella_bombicola_JCM9596.max.cds,0.4000006494752437,0.36919036946725753,5.004792783087461e-78,7.13423652420192e-66,starmerella_bombicola_JCM9596.max.cds,0,Dipodascaceae/Trichomonascaceae,-0.03081028000798619,-0.0770255749544553,0.4000006494752437,0.4000006494752437,0
sugiyamaella_lignohabitans.max.cds,0.4505859655155647,0.4214467263472197,8.254542605387315e-99,2.076408001328599e-85,candida_apicola.max.cds,573.8503892,Dipodascaceae/Trichomonascaceae,-0.029139239168344988,-0.0646696555118036,0.4505859655155647,0.39904673424737797,0.051539231268186714
tetrapisispora_blattae.max.cds,0.6058186879910059,0.6045559713920009,1.3134803683842495e-193,1.3441670424784485e-192,tetrapisispora_blattae.max.cds,0,Saccharomycetaceae,-0.0012627165990050093,-0.00208431437331916,0.6058186879910059,0.6058186879910059,0
tetrapisispora_phaffii.max.cds,0.6056302742886963,0.5474174429622863,3.17354929247462e-183,2.8244174777527985e-143,tetrapisispora_blattae.max.cds,163.7635444,Saccharomycetaceae,-0.058212831326409975,-0.0961194210358458,0.6056302742886963,0.6058186879910059,-1.8841370230959775e-4
tortispora_caseinolytica.max.cds,0.23644610976507235,0.35729735753769293,1.480243351533347e-24,5.893972063979179e-56,komagataella_pastoris.max.cds,841.9384002999999,Trigonopsidaceae,0.12085124777262057,0.5111153991609154,0.35729735753769293,0.5157064738633679,-0.15840911632567495
torulaspora_delbrueckii.max.cds,0.4522909904924888,0.43933835557773454,1.6527370954516545e-93,9.705634746000994e-88,zygosaccharomyces_bailii.max.cds,148.2902069,Saccharomycetaceae,-0.012952634914754235,-0.028637835347218442,0.4522909904924888,0.32932312219132653,0.12296786830116224
vanderwaltozyma_polyspora.max.cds,0.6249254601987817,0.4309813317974904,1.9413220386419367e-196,1.1343106443081841e-82,tetrapisispora_blattae.max.cds,163.7635444,Saccharomycetaceae,-0.19394412840129133,-0.31034761864174953,0.6249254601987817,0.6058186879910059,0.01910677220777579
wickerhamiella_domercqiae.max.cds,0.41081840283934895,0.3819815991244336,3.220197863766978e-71,4.9050020986043435e-61,candida_apicola.max.cds,247.2287804,Dipodascaceae/Trichomonascaceae,-0.02883680371491537,-0.07019355392945247,0.41081840283934895,0.39904673424737797,0.011771668591970985
wickerhamomyces_anomalus.max.cds,0.31824407452780834,0.3577841894286519,2.3063365013499614e-54,3.220064041194336e-69,wickerhamomyces_anomalus.max.cds,0,Phaffomycetaceae,0.03954011490084358,0.12424462249457702,0.31824407452780834,0.31824407452780834,0
wickerhamomyces_ciferrii.max.cds,0.23991862116524404,0.33935311854368516,3.783813498038242e-30,2.2704882770951736e-60,wickerhamomyces_anomalus.max.cds,138.5096098,Phaffomycetaceae,0.09943449737844112,0.4144509371365367,0.33935311854368516,0.31824407452780834,0.02110904401587682
yarrowia_deformans.max.cds,0.5076691681954215,-0.02623818862267359,3.558678445304143e-147,0.21427606383370948,yarrowia_lipolytica.max.cds,20.518709899999998,Dipodascaceae/Trichomonascaceae,-0.5339073568180951,-1.0516836362466935,0.5076691681954215,0.542023883979959,-0.034354715784537526
yarrowia_keelungensis.max.cds,0.5325357951510844,0.23205587615567871,2.6486964128629643e-164,9.063496804321845e-29,yarrowia_lipolytica.max.cds,26.393141900000003,Dipodascaceae/Trichomonascaceae,-0.3004799189954057,-0.5642436090331868,0.5325357951510844,0.542023883979959,-0.009488088828874641
yarrowia_lipolytica.max.cds,0.542023883979959,0.24416165520764066,8.990519373580015e-174,3.3250831338630545e-32,yarrowia_lipolytica.max.cds,0,Dipodascaceae/Trichomonascaceae,-0.2978622287723184,-0.5495370915856757,0.542023883979959,0.542023883979959,0
yHAB132_kazachstania_martiniae_160519.max.cds,0.7031164336559454,0.5888728859673497,1.3694798618402279e-261,3.975529436804979e-164,naumovozyma_castellii.max.cds,153.44402780000001,Saccharomycetaceae,-0.11424354768859579,-0.16248169182246472,0.7031164336559454,0.6568091455440525,0.046307288111893
yHAB133_kazachstania_unispora_160519.max.cds,0.671185693454577,0.5030202645901352,5.410785104718017e-238,5.248437361199316e-117,naumovozyma_castellii.max.cds,153.44402780000001,Saccharomycetaceae,-0.16816542886444186,-0.2505497815349704,0.671185693454577,0.6568091455440525,0.014376547910524562
yHAB134_kazachstania_turicensis_160519.max.cds,0.6759909311351253,0.5996402282184231,5.234894025372842e-240,9.990551070546522e-176,naumovozyma_castellii.max.cds,153.4440276,Saccharomycetaceae,-0.0763507029167022,-0.11294634202931385,0.6759909311351253,0.6568091455440525,0.019181785591072864
yHAB136_kazachstania_bromeliacearum_160519.max.cds,0.643122023524808,0.5953257974236696,2.8170140574412357e-204,7.615952543394775e-168,naumovozyma_castellii.max.cds,153.4440277,Saccharomycetaceae,-0.04779622610113832,-0.074319062872669,0.643122023524808,0.6568091455440525,-0.013687122019244491
yHAB143_kazachstania_siamensis_160519.max.cds,0.6110851352373916,0.5969020760570867,5.336303069235372e-181,1.1302680165696933e-170,naumovozyma_castellii.max.cds,153.44402780000001,Saccharomycetaceae,-0.014183059180304936,-0.023209628842951916,0.6110851352373916,0.6568091455440525,-0.045724010306660845
yHAB147_kazachstania_taianensis_160519.max.cds,0.19494034475009803,0.3530237557850509,2.0163411234890448e-16,1.9746930678764923e-52,naumovozyma_castellii.max.cds,153.4440277,Saccharomycetaceae,0.15808341103495288,0.8109322430798327,0.3530237557850509,0.6568091455440525,-0.30378538975900155
yHAB148_kazachstania_intestinalis_160519.max.cds,0.4273533852924461,0.5891915870864877,3.2463544196867686e-81,1.54374717738936e-169,naumovozyma_castellii.max.cds,153.44402780000001,Saccharomycetaceae,0.16183820179404157,0.3786987710025804,0.5891915870864877,0.6568091455440525,-0.06761755845756479
yHAB153_kazachstania_rosinii_160519.max.cds,0.33229613731607116,0.5952549977196675,4.794238801581071e-47,9.60619715765938e-171,naumovozyma_castellii.max.cds,153.4440276,Saccharomycetaceae,0.26295886040359634,0.7913389018828014,0.5952549977196675,0.6568091455440525,-0.06155414782438495
yHAB154_kazachstania_transvaalensis_160519.max.cds,0.5264466802852567,0.3706711311933809,1.1001915390702086e-115,1.0552565822637201e-53,naumovozyma_castellii.max.cds,153.4440277,Saccharomycetaceae,-0.15577554909187574,-0.29589995516254053,0.5264466802852567,0.6568091455440525,-0.1303624652587958
yHAB155_kazachstania_spencerorum_160519.max.cds,0.5993307499897955,0.6374893948096154,1.244735675337826e-165,9.47416998801429e-194,naumovozyma_castellii.max.cds,153.4440276,Saccharomycetaceae,0.0381586448198199,0.06366875856189526,0.5993307499897955,0.6568091455440525,-0.057478395554256934
yHAB158_kazachstania_viticola_160519.max.cds,0.5777520268811284,0.4959669258878174,2.240246507938265e-156,2.602644654923485e-109,naumovozyma_castellii.max.cds,153.4440277,Saccharomycetaceae,-0.08178510099331099,-0.14155744538848353,0.5777520268811284,0.6568091455440525,-0.07905711866292409
yHAB159_kazachstania_solicola_160519.max.cds,0.6868480813135225,0.2435622192264844,2.9869133714693636e-244,5.0599919981029455e-25,naumovozyma_castellii.max.cds,153.4440278,Saccharomycetaceae,-0.4432858620870381,-0.6453914251886704,0.6868480813135225,0.6568091455440525,0.030038935769470032
yHAB160_kazachstania_kunashirensis_160519.max.cds,0.678448467791029,0.554387362517111,7.601940044403697e-238,1.8593646418458044e-142,naumovozyma_castellii.max.cds,153.4440276,Saccharomycetaceae,-0.124061105273918,-0.18286002719978203,0.678448467791029,0.6568091455440525,0.02163932224697651
yHAB164_kazachstania_aerobia_160519.max.cds,0.6847168139162995,0.4636182382337674,2.547683755362276e-245,4.483514115599239e-95,naumovozyma_castellii.max.cds,153.4440278,Saccharomycetaceae,-0.22109857568253205,-0.3229051356544596,0.6847168139162995,0.6568091455440525,0.027907668372247008
yHAB166_kazachstania_yakushimaensis_160519.max.cds,0.5985570996258491,0.49299617036504123,1.4775612049156675e-163,2.0763030948469453e-103,naumovozyma_castellii.max.cds,153.4440277,Saccharomycetaceae,-0.1055609292608079,-0.17635899620402593,0.5985570996258491,0.6568091455440525,-0.05825204591820332
yHMPu5000026124_ogataea_henricii_160519.max.cds,-0.16859117990823644,0.5081864484965621,2.5074221970361724e-13,1.0667206810193577e-122,ogataea_parapolymorpha.max.cds,111.14906429999999,Pichiaceae,0.6767776284047986,4.014312188651662,0.5081864484965621,0.6005882435721083,-0.09240179507554613
yHMPu5000026137_ambrosiozyma_ambrosiae_160519.max.cds,0.46773089417988273,0.3444601289203097,6.888095964754038e-117,1.0124690405489509e-60,ambrosiozyma_kashinagacola.max.cds,88.3492345,Pichiaceae,-0.12327076525957303,-0.263550615949189,0.46773089417988273,0.4628777646025633,0.004853129577319426
yHMPu5000026142_citeromyces_matritensis_160519.max.cds,0.4894678067418113,0.5168448143112283,3.1336662084804203e-121,2.6916911133147314e-137,komagataella_pastoris.max.cds,327.1438488,Pichiaceae,0.027377007569417022,0.05593219245950957,0.4894678067418113,0.5157064738633679,-0.02623866712155659
yHMPu5000026145_ambrosiozyma_vanderkliftii_160519.max.cds,0.5295629383253466,0.31418708962684744,1.389010451334293e-157,4.679392832462755e-51,ambrosiozyma_kashinagacola.max.cds,72.7098534,Pichiaceae,-0.21537584869849918,-0.40670491288455524,0.5295629383253466,0.4628777646025633,0.06668517372278332
yHMPu5000026152_torulaspora_franciscae_160519.max.cds,0.44381805902016064,0.4319961760952942,2.557363399287272e-87,2.490219249061228e-82,zygosaccharomyces_bailii.max.cds,148.2902068,Saccharomycetaceae,-0.011821882924866411,-0.02663677758171034,0.44381805902016064,0.32932312219132653,0.1144949368288341
yHMPu5000026197_brettanomyces_custersianus_160519.max.cds,0.21150964018714954,-0.1381261584978066,2.0027112730180873e-22,2.6158591744327587e-10,yHMPu5000026197_brettanomyces_custersianus_160519.max.cds,0,Pichiaceae,-0.34963579868495614,-1.6530489975567486,0.21150964018714954,0.21150964018714954,0
yHMPu5000026256_zygotorulaspora_mrakii_161215.max.cds,0.4147891495710642,0.4176251180712585,1.3553452597749793e-77,9.70550566107766e-79,zygosaccharomyces_bailii.max.cds,148.2902069,Saccharomycetaceae,0.002835968500194297,0.00683713280139316,0.4147891495710642,0.32932312219132653,0.08546602737973769
yHMPu5000026274_komagataella_populi_160519.max.cds,0.5254305547163642,0.5113549288323698,1.6506153109748428e-146,1.393807756597798e-137,komagataella_pastoris.max.cds,33.0295636,Pichiaceae,-0.01407562588399447,-0.02678874640549352,0.5254305547163642,0.5157064738633679,0.009724080852996364
yHMPu5000034594_starmera_quercuum_160519.max.cds,0.27663330745164344,0.2768352418114779,1.5111873022673046e-38,1.3284335142784555e-38,cyberlindnera_jadinii.max.cds,261.04749,Phaffomycetaceae,2.0193435983445474e-4,7.299712449476231e-4,0.27663330745164344,0.5769170099083948,-0.30028370245675134
yHMPu5000034597_candida_stellimalicola_160519.max.cds,-0.0726730081477558,0.29652306561292174,9.002244380529457e-4,1.4447671577495707e-43,cyberlindnera_jadinii.max.cds,261.04748989999996,Phaffomycetaceae,0.36919607376067753,5.080236571603629,0.29652306561292174,0.5769170099083948,-0.28039394429547304
yHMPu5000034604_sporopachydermia_lactativora_160519.max.cds,0.550403261981179,0.383155824192749,2.1773119510886975e-177,3.8664065836640063e-79,yHMPu5000034604_sporopachydermia_lactativora_160519.max.cds,0,Sporopachydermia clade,-0.16724743778842993,-0.303863456743374,0.550403261981179,0.550403261981179,0
yHMPu5000034605_spencermartinsiella_europaea_160519.max.cds,0.3935871476585834,0.41764355574503065,2.910088155450811e-73,3.5934835808299685e-83,candida_apicola.max.cds,573.8503892,Dipodascaceae/Trichomonascaceae,0.024056408086447267,0.06112091878395116,0.3935871476585834,0.39904673424737797,-0.005459586588794585
yHMPu5000034610_saturnispora_hagleri_160519.max.cds,0.609527517972024,0.44147645010756664,8.124805528104744e-188,1.0109135016012416e-88,pichia_membranifaciens.max.cds,84.3217417,Pichiaceae,-0.16805106786445734,-0.2757071057654374,0.609527517972024,0.4612726812516182,0.1482548367204058
yHMPu5000034611_saturnispora_mendoncae_160519.max.cds,-0.3688595083976613,-0.1861471044618369,8.186163851361256e-58,3.5343853713425528e-15,pichia_membranifaciens.max.cds,84.3217417,Pichiaceae,0.18271240393582439,0.49534416160107547,-0.3688595083976613,0.4612726812516182,-0.8301321896492795
yHMPu5000034612_saturnispora_saitoi_160519.max.cds,0.5589697447201434,0.48328880651290934,1.2641246653009113e-148,4.1255294105855026e-106,pichia_membranifaciens.max.cds,84.3217417,Pichiaceae,-0.07568093820723404,-0.1353936217873918,0.5589697447201434,0.4612726812516182,0.09769706346852519
yHMPu5000034613_saturnispora_serradocipensis_160519.max.cds,0.6064178493414785,0.4337315575575915,7.769005336814736e-180,8.001650495983934e-83,pichia_membranifaciens.max.cds,84.3217417,Pichiaceae,-0.17268629178388695,-0.28476452659071716,0.6064178493414785,0.4612726812516182,0.14514516808986028
yHMPu5000034614_saturnispora_silvae_160519.max.cds,0.39495800278675713,0.41695384295285937,5.259062490396385e-68,2.39945608868647e-76,pichia_membranifaciens.max.cds,84.3217417,Pichiaceae,0.021995840166102232,0.05569159255136822,0.39495800278675713,0.4612726812516182,-0.06631467846486105
yHMPu5000034615_saturnispora_zaruensis_160519.max.cds,0.6339271953806389,0.49907525052389884,7.840540681810113e-209,2.712288242640825e-117,pichia_membranifaciens.max.cds,84.32174160000001,Pichiaceae,-0.13485194485674007,-0.2127246564580161,0.6339271953806389,0.4612726812516182,0.17265451412902072
yHMPu5000034622_pichia_occidentalis_160519.max.cds,0.2723137460666615,0.27690140229084004,7.968102402014543e-34,5.822789596943938e-35,yHMPu5000034625_pichia_kudriavzevii_160519.max.cds,42.833314400000006,Pichiaceae,0.00458765622417856,0.016846950587119894,0.2723137460666615,0.30410821952195477,-0.03179447345529329
yHMPu5000034623_pichia_norvegensis_160519.max.cds,0.39215165029064,0.06186999111460648,1.6346947681644953e-66,0.009028696025578351,yHMPu5000034625_pichia_kudriavzevii_160519.max.cds,36.7963562,Pichiaceae,-0.33028165917603347,-0.8422294256093221,0.39215165029064,0.30410821952195477,0.0880434307686852
yHMPu5000034624_pichia_nakasei_160519.max.cds,0.3248057379497197,0.33513251746798395,3.911620401942469e-43,5.675326622950229e-46,yHMPu5000034625_pichia_kudriavzevii_160519.max.cds,45.9339845,Pichiaceae,0.010326779518264273,0.03179371024493068,0.3248057379497197,0.30410821952195477,0.020697518427764905
yHMPu5000034625_pichia_kudriavzevii_160519.max.cds,0.30410821952195477,0.3423630792414381,8.281354391192644e-44,8.953057490444765e-56,yHMPu5000034625_pichia_kudriavzevii_160519.max.cds,0,Pichiaceae,0.038254859719483336,0.12579357368116637,0.30410821952195477,0.30410821952195477,0
yHMPu5000034627_pichia_heedii_160519.max.cds,0.4194764917400637,0.2379436692579665,1.8377090454658004e-80,1.9177696537329062e-25,yHMPu5000034625_pichia_kudriavzevii_160519.max.cds,45.9339845,Pichiaceae,-0.18153282248209718,-0.43276041937193305,0.4194764917400637,0.30410821952195477,0.11536827221810891
yHMPu5000034629_pichia_exigua_160519.max.cds,0.3360370782819499,0.19569338811643305,6.8182480659174414e-49,4.879131459497634e-17,yHMPu5000034625_pichia_kudriavzevii_160519.max.cds,42.833314400000006,Pichiaceae,-0.14034369016551684,-0.4176434662598819,0.3360370782819499,0.30410821952195477,0.03192885875999513
yHMPu5000034631_martiniozyma_abiesophila_161215.max.cds,0.15814489478961344,0.07881851621060287,3.18641885821132e-9,0.0033106389931463046,pichia_membranifaciens.max.cds,84.3217417,Pichiaceae,-0.07932637857901056,-0.5016056868894925,0.15814489478961344,0.4612726812516182,-0.3031277864620048
yHMPu5000034635_nadsonia_fulvescens_160519.max.cds,0.4735421139295892,0.38796936518866293,3.5067869587146685e-116,2.502556086300658e-75,yarrowia_lipolytica.max.cds,611.5004866,Dipodascaceae/Trichomonascaceae,-0.0855727487409263,-0.18070778970600718,0.4735421139295892,0.542023883979959,-0.06848177005036982
yHMPu5000034636_ogataea_nitratoaversa_160519.max.cds,0.49383719798518755,0.03172228790318667,7.031675354101292e-133,0.14098647739444234,ogataea_methanolica.max.cds,116.8018115,Pichiaceae,-0.4621149100820009,-0.935763672658498,0.49383719798518755,0.5568540526531175,-0.06301685466792994
yHMPu5000034637_ogataea_populiabae_160519.max.cds,0.212989775329885,0.05335765923621202,9.985497811987364e-21,0.020687343078353976,ogataea_parapolymorpha.max.cds,128.6392746,Pichiaceae,-0.15963211609367298,-0.749482531949855,0.212989775329885,0.6005882435721083,-0.38759846824222327
yHMPu5000034646_wickerhamiella_cacticola_160519.max.cds,0.4464728721381291,0.44413048692998364,2.735434627970118e-92,3.124651726714853e-91,candida_apicola.max.cds,338.3226522,Dipodascaceae/Trichomonascaceae,-0.0023423852081454477,-0.005246422244934882,0.4464728721381291,0.39904673424737797,0.04742613789075112
yHMPu5000034655_botryozyma_nematodophila_160519.max.cds,0.4290623762789659,0.4267574348087695,0,0,komagataella_pastoris.max.cds,841.9384001999999,Trigonopsidaceae,-0.0023049414701963866,-0.0053720428488415635,0.4290623762789659,0.5157064738633679,-0.086644097584402
yHMPu5000034660_diddensiella_caesifluorescens_160519.max.cds,0.22914688099905337,0.32028812928686806,8.860668442311529e-25,5.0770946493999236e-48,candida_apicola.max.cds,573.8503892,Dipodascaceae/Trichomonascaceae,0.0911412482878147,0.3977416052553262,0.32028812928686806,0.39904673424737797,-0.0787586049605099
yHMPu5000034661_dipodascus_albidus_160519.max.cds,0.40314921282338956,0.17263996082969113,9.93153162350983e-71,2.0728999906588236e-13,candida_apicola.max.cds,607.6621834,Dipodascaceae/Trichomonascaceae,-0.23050925199369843,-0.5717715542078443,0.40314921282338956,0.39904673424737797,0.004102478576011592
yHMPu5000034667_blastobotrys_serpentis_160519.max.cds,0.4223947405708552,0.26370461938832623,6.965936749577998e-85,2.955577966532202e-32,candida_apicola.max.cds,573.8503892,Dipodascaceae/Trichomonascaceae,-0.15869012118252895,-0.3756915177685771,0.4223947405708552,0.39904673424737797,0.02334800632347722
yHMPu5000034669_blastobotrys_raffinofermentans_160519.max.cds,0.471484066850827,0.29323542444620454,6.276372862437103e-109,3.963429033008925e-40,candida_apicola.max.cds,573.8503890999999,Dipodascaceae/Trichomonascaceae,-0.17824864240462246,-0.3780586767124383,0.471484066850827,0.39904673424737797,0.07243733260344903
yHMPu5000034670_blastobotrys_proliferans_160519.max.cds,0.39035047858021243,0.3860676812877521,2.374282514016403e-72,1.1091459183103644e-70,candida_apicola.max.cds,573.8503892,Dipodascaceae/Trichomonascaceae,-0.004282797292460339,-0.010971671683451706,0.39035047858021243,0.39904673424737797,-0.008696255667165531
yHMPu5000034671_blastobotrys_peoriensis_160519.max.cds,0.383998035138309,0.38086807568472136,1.5502320227533656e-69,2.399273467130527e-68,candida_apicola.max.cds,573.8503891,Dipodascaceae/Trichomonascaceae,-0.0031299594535876274,-0.008150977784196926,0.383998035138309,0.39904673424737797,-0.015048699109068975
yHMPu5000034673_blastobotrys_nivea_160519.max.cds,0.4232955581469721,0.42356804233528866,2.1506506364458823e-58,1.786509373106441e-58,candida_apicola.max.cds,573.8503892,Dipodascaceae/Trichomonascaceae,2.724841883165463e-4,6.437208779354526e-4,0.4232955581469721,0.39904673424737797,0.024248823899594152
yHMPu5000034674_blastobotrys_muscicola_160519.max.cds,0.4263752337607453,0.24549790586097764,5.669969592770207e-87,3.706786957046259e-28,candida_apicola.max.cds,573.8503892,Dipodascaceae/Trichomonascaceae,-0.18087732789976768,-0.4242209996682512,0.4263752337607453,0.39904673424737797,0.027328499513367355
yHMPu5000034675_blastobotrys_mokoenaii_160519.max.cds,0.3854024136115044,0.32434921494455243,1.0516653659914602e-70,1.939570503992454e-49,candida_apicola.max.cds,573.8503892,Dipodascaceae/Trichomonascaceae,-0.06105319866695197,-0.1584141575420832,0.3854024136115044,0.39904673424737797,-0.013644320635873564
yHMPu5000034681_blastobotrys_americana_160519.max.cds,0.38127475224875446,0.36701799275519637,3.7021958961584856e-68,6.39081119888212e-63,candida_apicola.max.cds,573.8503891,Dipodascaceae/Trichomonascaceae,-0.014256759493558091,-0.03739235134105228,0.38127475224875446,0.39904673424737797,-0.01777198199862351
yHMPu5000034709_kluyveromyces_aestuarii_160519.max.cds,0.6436422230621379,0.5376301712196999,1.6960019738022646e-237,3.214114562940627e-152,kluyveromyces_lactis.max.cds,99.9180768,Saccharomycetaceae,-0.106012051842438,-0.16470649072412313,0.6436422230621379,0.6781042181162042,-0.03446199505406633
yHMPu5000034710_kluyveromyces_dobzhanskii_160519.max.cds,0.6883432968535449,0.6698906744546067,7.92846036096087e-290,5.572300443529853e-269,kluyveromyces_lactis.max.cds,32.6546238,Saccharomycetaceae,-0.01845262239893819,-0.02680729584102314,0.6883432968535449,0.6781042181162042,0.010239078737340646
yHMPu5000034742_lipomyces_suomiensis_160519.max.cds,0.44243107460843845,0.25601661801840137,5.444229991964499e-102,5.6639292728532526e-33,lipomyces_starkeyi.max.cds,453.1674476,Lipomycetaceae,-0.18641445659003708,-0.42134123773972726,0.44243107460843845,0.3641799999868258,0.07825107462161263
yHMPu5000034748_lipomyces_oligophaga_160519.max.cds,0.4339570134429278,0.413829749239823,4.82350172392754e-96,1.172224618857912e-86,lipomyces_starkeyi.max.cds,453.1674476,Lipomycetaceae,-0.02012726420310479,-0.04638077869376765,0.4339570134429278,0.3641799999868258,0.06977701345610199
yHMPu5000034749_lipomyces_mesembrius_160519.max.cds,0.37238158596905163,0.43492449703801145,7.6248368896437e-71,9.546139426918724e-99,lipomyces_starkeyi.max.cds,46.4167169,Lipomycetaceae,0.06254291106895982,0.167953823243445,0.37238158596905163,0.3641799999868258,0.008201585982225812
yHMPu5000034754_lipomyces_arxii_160519.max.cds,0.37127454323682807,0.43847228391151366,2.837654466590023e-70,2.4998381762874043e-100,lipomyces_starkeyi.max.cds,46.4167169,Lipomycetaceae,0.06719774067468559,0.18099204995000584,0.37127454323682807,0.3641799999868258,0.00709454325000225
yHMPu5000034757_lipomyces_doorenjongii_160519.max.cds,0.4164542030368183,0.4473824923930484,4.288917686859606e-88,5.864360437053851e-103,lipomyces_starkeyi.max.cds,331.1416587,Lipomycetaceae,0.0309282893562301,0.07426576351180626,0.4164542030368183,0.3641799999868258,0.052274203049992474
yHMPu5000034758_lipomyces_japonicus_160519.max.cds,0.2784788693146034,0.43118629848820794,7.85503156942504e-39,3.809737171435408e-96,lipomyces_starkeyi.max.cds,382.43762780000003,Lipomycetaceae,0.15270742917360453,0.5483627161710706,0.43118629848820794,0.3641799999868258,0.06700629850138212
yHMPu5000034760_lipomyces_kononenkoae_160519.max.cds,0.3645948723663012,0.4270578179375616,4.3692958004293305e-68,2.4373860067725678e-95,lipomyces_starkeyi.max.cds,135.5086262,Lipomycetaceae,0.062462945571260364,0.17132151411198424,0.3645948723663012,0.3641799999868258,4.148723794754061e-4
yHMPu5000034761_lipomyces_lipofer_160519.max.cds,0.25438875586366777,0.4017804784899352,2.581990523957333e-32,3.831225074274498e-82,lipomyces_starkeyi.max.cds,382.43762780000003,Lipomycetaceae,0.14739172262626743,0.5793955873790968,0.4017804784899352,0.3641799999868258,0.03760047850310938
yHMPu5000034862_zygotorulaspora_florentina_160519.max.cds,0.4327581085363955,0.4338416176973417,1.7503742404183164e-86,5.910605874845528e-87,zygosaccharomyces_bailii.max.cds,148.2902069,Saccharomycetaceae,0.0010835091609461833,0.0025037293110709187,0.4327581085363955,0.32932312219132653,0.10343498634506898
yHMPu5000034865_zygosaccharomyces_kombuchaensis_160519.max.cds,0.2307721144094082,-0.08397551920963285,2.229746420503183e-23,0.00034039439638405686,zygosaccharomyces_bailii.max.cds,44.4041204,Saccharomycetaceae,-0.31474763361904107,-1.3638893694957164,0.2307721144094082,0.32932312219132653,-0.09855100778191833
yHMPu5000034866_zygosaccharomyces_bisporus_160519.max.cds,0.25911912120453817,-0.08613206519664526,6.0059906057072794e-30,1.9835932744232535e-4,zygosaccharomyces_bailii.max.cds,33.0473258,Saccharomycetaceae,-0.34525118640118346,-1.332403354859544,0.25911912120453817,0.32932312219132653,-0.07020400098678836
yHMPu5000034875_tetrapisispora_fleetii_160519.max.cds,0.5906751618342523,0.35434038678828933,1.281667942151925e-171,5.687290863394255e-55,tetrapisispora_blattae.max.cds,163.7635443,Saccharomycetaceae,-0.23633477504596295,-0.40010955312910246,0.5906751618342523,0.6058186879910059,-0.015143526156753628
yHMPu5000034876_tetrapisispora_iriomotensis_160519.max.cds,0.5842864741924338,0.44172142886998955,6.57968807749543e-166,3.5556456002576825e-87,tetrapisispora_blattae.max.cds,163.7635444,Saccharomycetaceae,-0.1425650453224443,-0.243998537736971,0.5842864741924338,0.6058186879910059,-0.021532213798572064
yHMPu5000034877_tetrapisispora_namnaonensis_160519.max.cds,0.6055311831257909,0.5061389954522917,7.613057343690466e-184,7.873591404061335e-120,tetrapisispora_blattae.max.cds,163.7635443,Saccharomycetaceae,-0.09939218767349922,-0.16414049423587132,0.6055311831257909,0.6058186879910059,-2.8750486521500473e-4
yHMPu5000034881_torulaspora_pretoriensis_160519.max.cds,0.46518868568954397,0.43878660116331947,2.3982095697846287e-99,2.327660632241133e-87,zygosaccharomyces_bailii.max.cds,148.2902068,Saccharomycetaceae,-0.0264020845262245,-0.056755646339697596,0.46518868568954397,0.32932312219132653,0.13586556349821743
yHMPu5000034885_ogataea_zsoltii_160519.max.cds,0.4181371401849335,0.5309942159879971,7.14786974804372e-81,5.56492425455788e-138,ogataea_parapolymorpha.max.cds,111.14906439999999,Pichiaceae,0.11285707580306364,0.2699044522884269,0.5309942159879971,0.6005882435721083,-0.06959402758411115
yHMPu5000034886_ogataea_trehalophila_160519.max.cds,0.5652045352211581,0.3178718303428956,1.619997713670637e-184,1.910345386841581e-52,ogataea_methanolica.max.cds,30.7641884,Pichiaceae,-0.24733270487826248,-0.437598585052903,0.5652045352211581,0.5568540526531175,0.008350482568040607
yHMPu5000034887_ogataea_trehaloabstinens_160519.max.cds,0.5048110827675852,0.45276778267341816,1.670212038256562e-122,5.676755081702852e-96,ogataea_parapolymorpha.max.cds,128.6392746,Pichiaceae,-0.05204330009416708,-0.10309460681576951,0.5048110827675852,0.6005882435721083,-0.09577716080452303
yHMPu5000034890_ogataea_ramenticola_160519.max.cds,0.41726282314461055,-0.07779934205261341,2.701347695132055e-91,3.062653927835582e-4,ogataea_methanolica.max.cds,213.1476475,Pichiaceae,-0.49506216519722396,-1.1864516504640783,0.41726282314461055,0.5568540526531175,-0.13959122950850694
yHMPu5000034891_ogataea_pini_160519.max.cds,0.5638455482167254,0.5639084270999672,2.5335317869981445e-160,2.2946396000838434e-160,ogataea_parapolymorpha.max.cds,111.14906429999999,Pichiaceae,6.287888324185698e-5,1.1151792089291838e-4,0.5638455482167254,0.6005882435721083,-0.03674269535538288
yHMPu5000034892_ogataea_pilisensis_160519.max.cds,0.5788669013440986,0.3755835045780796,9.312293802926624e-194,2.013053791352947e-73,ogataea_methanolica.max.cds,116.8018115,Pichiaceae,-0.20328339676601898,-0.35117467641353406,0.5788669013440986,0.5568540526531175,0.02201284869098108
yHMPu5000034893_ogataea_philodendra_160519.max.cds,0.4092656442145946,0.5505907336718161,2.8096727782988427e-74,1.813199335290129e-144,ogataea_parapolymorpha.max.cds,43.6087076,Pichiaceae,0.1413250894572215,0.345313835781239,0.5505907336718161,0.6005882435721083,-0.04999750990029217
yHMPu5000034897_ogataea_glucozyma_160519.max.cds,-0.09147723627530957,0.4910233369348895,6.57825670037679e-5,9.637736963633036e-116,ogataea_parapolymorpha.max.cds,111.14906429999999,Pichiaceae,0.5825005732101991,6.367710666915071,0.4910233369348895,0.6005882435721083,-0.1095649066372188
yHMPu5000034899_ogataea_kodamae_160519.max.cds,-0.01286128413299971,0.4792554594450788,0.5866957682608964,2.1488884879440201e-103,ogataea_parapolymorpha.max.cds,52.7349856,Pichiaceae,0.4921167435780785,38.26342210381595,0.4792554594450788,0.6005882435721083,-0.12133278412702947
yHMPu5000034901_ogataea_methylivora_160519.max.cds,0.5396834982665674,0.3462314380158364,6.292019828046517e-161,6.772700359857843e-61,ogataea_methanolica.max.cds,213.1476475,Pichiaceae,-0.19345206025073097,-0.3584546514245627,0.5396834982665674,0.5568540526531175,-0.01717055438655013
yHMPu5000034902_ogataea_minuta_160519.max.cds,0.501795050039185,0.5423198688117332,8.010678670414795e-113,4.5674378240183426e-135,ogataea_parapolymorpha.max.cds,59.046944800000006,Pichiaceae,0.04052481877254821,0.08075970213214267,0.501795050039185,0.6005882435721083,-0.09879319353292326
yHMPu5000034903_ogataea_naganishii_160519.max.cds,0.5886715406448166,0.5715909230253283,1.3331021164652223e-199,9.890935537055051e-186,ogataea_methanolica.max.cds,213.1476475,Pichiaceae,-0.017080617619488314,-0.029015531480897847,0.5886715406448166,0.5568540526531175,0.031817487991699145
yHMPu5000034904_ogataea_nonfermentans_160519.max.cds,0.5244659138085962,0.5480254946863278,6.103996375824481e-133,2.2148591817777903e-147,ogataea_parapolymorpha.max.cds,59.046944800000006,Pichiaceae,0.02355958087773158,0.044921090689469756,0.5244659138085962,0.6005882435721083,-0.07612232976351208
yHMPu5000034932_kuraishia_ogatae_160519.max.cds,0.6865518515451933,0.4195404657032232,6.7358706910206e-310,1.5547182841835386e-95,kuraishia_capsulata.max.cds,319.4754804,Pichiaceae,-0.2670113858419701,-0.38891656215188825,0.6865518515451933,0.6882916536515632,-0.0017398021063699254
yHMPu5000034933_kuraishia_molischiana_160519.max.cds,0.6752254910407631,0.625241029990422,1.4680671616664842e-294,2.4306573507997925e-240,kuraishia_capsulata.max.cds,99.17852,Pichiaceae,-0.049984461050341156,-0.07402632411477429,0.6752254910407631,0.6882916536515632,-0.01306616261080007
yHMPu5000034939_komagataella_pseudopastoris_160519.max.cds,0.52986569773004,0.5240215554126458,9.52061813982972e-144,4.42464165637927e-140,komagataella_pastoris.max.cds,33.0295636,Pichiaceae,-0.005844142317394163,-0.01102947849319297,0.52986569773004,0.5157064738633679,0.014159223866672122
yHMPu5000034946_ambrosiozyma_oregonensis_160519.max.cds,0.46782543961948964,-0.1827096687034231,1.5642001476964454e-117,1.286397206602289e-17,ambrosiozyma_kashinagacola.max.cds,88.3492345,Pichiaceae,-0.6505351083229127,-1.3905509474902258,0.46782543961948964,0.4628777646025633,0.004947675016926334
yHMPu5000034947_ambrosiozyma_philentoma_160519.max.cds,0.4623312384849865,0.42941362519622495,2.2079986564769552e-113,2.1349947192980183e-96,ambrosiozyma_kashinagacola.max.cds,88.3492345,Pichiaceae,-0.03291761328876153,-0.0711991977799927,0.4623312384849865,0.4628777646025633,-5.465261175768288e-4
yHMPu5000034950_citeromyces_hawaiiensis_160519.max.cds,0.4722088776609612,0.44620661398455885,6.315052490088874e-113,1.3063756983684557e-99,komagataella_pastoris.max.cds,327.1438488,Pichiaceae,-0.02600226367640235,-0.0550651732877237,0.4722088776609612,0.5157064738633679,-0.043497596202406674
yHMPu5000034952_citeromyces_siamensis_160519.max.cds,0.3189144789051734,0.4814170970493425,5.344053364405151e-44,1.7785167265920164e-105,komagataella_pastoris.max.cds,327.1438488,Pichiaceae,0.1625026181441691,0.5095492017234123,0.4814170970493425,0.5157064738633679,-0.034289376814025385
yHMPu5000034957_hanseniaspora_osmophila_160519.max.cds,0.6949210727900577,0.4570143008883576,3.263618197118075e-213,5.241754467784981e-77,hanseniaspora_valbyensis.max.cds,204.9584314,Saccharomycodaceae,-0.23790677190170006,-0.3423507808541791,0.6949210727900577,0.6918472099993018,0.0030738627907558325
yHMPu5000034963_hanseniaspora_clermontiae_160519.max.cds,0.6370776389424947,0.6892075913661179,6.714647205328253e-165,1.3631455803812535e-203,hanseniaspora_valbyensis.max.cds,58.17554729999999,Saccharomycodaceae,0.05212995242362317,0.08182668679151152,0.6370776389424947,0.6918472099993018,-0.05476957105680713
yHMPu5000034967_candida_freyschussii_160519.max.cds,0.523918229610045,0.4682137493151049,8.254112223857394e-152,1.5555841342005134e-117,cyberlindnera_jadinii.max.cds,139.5943798,Phaffomycetaceae,-0.05570448029494007,-0.10632285182441772,0.523918229610045,0.5769170099083948,-0.05299878029834981
yHMPu5000034974_deakozyma_indianensis_160519.max.cds,0.48334729680524074,0.2904923484362737,2.9204416895879946e-113,9.570403120157615e-39,candida_apicola.max.cds,520.6325853999999,Dipodascaceae/Trichomonascaceae,-0.19285494836896705,-0.39899871095519074,0.48334729680524074,0.39904673424737797,0.08430056255786278
yHMPu5000034978_cyberlindnera_mrakii_160519.max.cds,0.5527202353404875,0.39646869788391176,8.772339691468864e-174,1.4595820185586885e-82,cyberlindnera_jadinii.max.cds,78.2389521,Phaffomycetaceae,-0.15625153745657577,-0.28269552563119293,0.5527202353404875,0.5769170099083948,-0.024196774567907253
yHMPu5000034979_cyberlindnera_misumaiensis_160519.max.cds,0.5423718158787981,0.3192760145402612,7.954915402834629e-163,1.470783306314933e-51,cyberlindnera_jadinii.max.cds,70.2272698,Phaffomycetaceae,-0.2230958013385369,-0.41133369177205054,0.5423718158787981,0.5769170099083948,-0.03454519402959666
yHMPu5000035037_candida_montana_160519.max.cds,0.47198917706062415,0.29610223598968466,2.0510076171730145e-117,6.35819669067344e-44,cyberlindnera_jadinii.max.cds,201.75613669999998,Phaffomycetaceae,-0.1758869410709395,-0.3726503691595197,0.47198917706062415,0.5769170099083948,-0.10492783284777063
yHMPu5000035040_ambrosiozyma_maleeae_160519.max.cds,0.441140920639882,0.4579209789948441,1.198726195745026e-103,1.5611000075563416e-112,ambrosiozyma_kashinagacola.max.cds,112.45662480000001,Pichiaceae,0.016780058354962102,0.03803786402454426,0.441140920639882,0.4628777646025633,-0.02173684396268133
yHMPu5000035041_ambrosiozyma_pseudovanderkliftii_160519.max.cds,0.5087796515170855,0.29920027848877195,8.652682089627063e-145,1.2985714254349893e-46,ambrosiozyma_kashinagacola.max.cds,72.7098534,Pichiaceae,-0.20957937302831353,-0.41192561928014837,0.5087796515170855,0.4628777646025633,0.04590188691452218
yHMPu5000035044_barnettozyma_californica_160519.max.cds,0.5793534876209061,0.40913735083571107,1.3393797072356613e-190,1.7873656901590446e-86,cyberlindnera_jadinii.max.cds,201.75613659999996,Phaffomycetaceae,-0.17021613678519504,-0.29380359387181976,0.5793534876209061,0.5769170099083948,0.00243647771251132
yHMPu5000035045_barnettozyma_hawaiiensis_160613.max.cds,0.5786084251755532,0.5511512103291416,6.901935373305146e-191,8.921860576490667e-170,cyberlindnera_jadinii.max.cds,201.75613659999996,Phaffomycetaceae,-0.027457214846411615,-0.047453880122953505,0.5786084251755532,0.5769170099083948,0.001691415267158436
yHMPu5000035046_barnettozyma_populi_160613.max.cds,0.5827164861598237,0.34644633603997976,4.9384351080527554e-195,1.9001865919990132e-61,cyberlindnera_jadinii.max.cds,201.75613659999996,Phaffomycetaceae,-0.23627015011984398,-0.405463301161933,0.5827164861598237,0.5769170099083948,0.005799476251428959
yHMPu5000035047_barnettozyma_pratensis_160519.max.cds,0.5172458938105127,0.31469530355032366,1.384492320378599e-144,1.1189265348454925e-49,cyberlindnera_jadinii.max.cds,201.75613659999996,Phaffomycetaceae,-0.202550590260189,-0.3915943899873494,0.5172458938105127,0.5769170099083948,-0.059671116097882115
yHMPu5000035048_barnettozyma_salicaria_160519.max.cds,0.5438001700699356,0.3601064728747677,1.3267750154049425e-164,2.2335423599000084e-66,cyberlindnera_jadinii.max.cds,201.75613659999996,Phaffomycetaceae,-0.18369369719516793,-0.3377963217104988,0.5438001700699356,0.5769170099083948,-0.033116839838459144
yHMPu5000035242_zygoascus_ofunaensis_160928.max.cds,0.2889782595891796,0.31831977052910543,4.5640765613136e-39,1.8074939702983977e-47,candida_apicola.max.cds,573.8503893000001,Dipodascaceae/Trichomonascaceae,0.02934151093992582,0.10153535764814493,0.2889782595891796,0.39904673424737797,-0.11006847465819836
yHMPu5000035243_zygoascus_meyerae_160928.max.cds,0.45601865981989065,0.35945686108723,4.222158743876172e-101,9.224337181892266e-61,candida_apicola.max.cds,573.8503893000001,Dipodascaceae/Trichomonascaceae,-0.09656179873266063,-0.211749665618505,0.45601865981989065,0.39904673424737797,0.05697192557251268
yHMPu5000035244_candida_incommunis_160928.max.cds,0.2713043300376756,0.055852230784478187,5.174597018791491e-34,0.013977948566115308,candida_apicola.max.cds,520.6325853999999,Dipodascaceae/Trichomonascaceae,-0.21545209925319744,-0.7941343922645021,0.2713043300376756,0.39904673424737797,-0.12774240420970234
yHMPu5000035261_candida_ponderosae_160928.max.cds,0.5158675122355182,0.42238653866849857,2.778303680233334e-142,4.3999346363317027e-91,cyberlindnera_jadinii.max.cds,287.23185679999995,Phaffomycetaceae,-0.09348097356701962,-0.18121120510558744,0.5158675122355182,0.5769170099083948,-0.061049497672876596
yHMPu5000035268_wickerhamomyces_hampshirensis_160928.max.cds,0.5098712267977024,0.3167103793232393,5.123900817626313e-143,1.964356280618912e-51,cyberlindnera_jadinii.max.cds,161.14890899999997,Phaffomycetaceae,-0.19316084747446305,-0.3788424161285374,0.5098712267977024,0.5769170099083948,-0.06704578311069243
yHMPu5000035271_wickerhamomyces_bovis_160928.max.cds,0.4782090126512897,0.17626098855751693,7.969598755642609e-126,8.910115923461734e-17,cyberlindnera_jadinii.max.cds,201.7561366,Phaffomycetaceae,-0.30194802409377275,-0.6314143316114234,0.4782090126512897,0.5769170099083948,-0.0987079972571051
yHMPu5000035274_wickerhamomyces_alni_160928.max.cds,0.501205709981223,0.14621147103535834,1.6939610029139537e-136,1.0729268738269691e-11,cyberlindnera_jadinii.max.cds,201.75613649999997,Phaffomycetaceae,-0.3549942389458647,-0.7082805161161553,0.501205709981223,0.5769170099083948,-0.07571129992717174
yHMPu5000035279_tortispora_starmeri_160928.max.cds,0.43254219768279906,0.3819085168675619,1.1032728956056077e-83,3.879580108387286e-64,candida_glabrata.max.cds,841.9384001999999,Trigonopsidaceae,-0.05063368081523717,-0.11706067312389466,0.43254219768279906,0.5064509002599861,-0.07390870257718701
yHMPu5000035282_trigonopsis_vinaria_160928.max.cds,0.527813271217895,0.5297154921381825,5.088831395387588e-143,3.1683480265676893e-144,komagataella_pastoris.max.cds,841.9384001999998,Trigonopsidaceae,0.0019022209202874674,0.0036039656901733744,0.527813271217895,0.5157064738633679,0.012106797354527132
yHMPu5000035286_candida_azyma_160928.max.cds,0.5211896858979397,0.1653582579798522,1.3410855195941818e-150,1.0719098617175717e-14,cyberlindnera_jadinii.max.cds,201.75613649999997,Phaffomycetaceae,-0.3558314279180875,-0.6827292203701956,0.5211896858979397,0.5769170099083948,-0.055727324010455104
yHMPu5000035301_pichia_terricola_160928.max.cds,0.5546169745849803,0.4270532502211518,1.6509421261307964e-154,1.6107694515449027e-85,pichia_membranifaciens.max.cds,58.508275100000006,Pichiaceae,-0.12756372436382846,-0.23000328192133743,0.5546169745849803,0.4612726812516182,0.09334429333336208
yHMPu5000035325_cyberlindnera_petersonii_160928.max.cds,0.568825127548206,0.4342851674130814,1.4818717728880774e-187,3.323813496663617e-101,yHMPu5000035703_cyberlindnera_americana_160613.max.cds,53.8464527,Phaffomycetaceae,-0.13453996013512465,-0.2365225332344743,0.568825127548206,0.5525777127689699,0.01624741477923608
yHMPu5000035629_yueomyces_sinensis_160519.max.cds,0.57121578907185,-0.10234045376607687,1.6981960785393753e-156,1.3517360518700306e-5,tetrapisispora_blattae.max.cds,96.160412,Saccharomycetaceae,-0.6735562428379269,-1.1791625086770914,0.57121578907185,0.6058186879910059,-0.03460289891915591
yHMPu5000035633_candida_hispaniensis_160519.max.cds,0.5780048356628095,0.37913581803269886,4.0458249429712694e-197,1.8973714317648716e-76,yarrowia_lipolytica.max.cds,296.8678627,Dipodascaceae/Trichomonascaceae,-0.1988690176301106,-0.34406116585869667,0.5780048356628095,0.542023883979959,0.035980951682850426
yHMPu5000035639_wickerhamomyces_canadensis_160613.max.cds,0.5416441871450877,0.3980048502734276,1.1894681719604354e-164,9.30708546355844e-83,cyberlindnera_jadinii.max.cds,201.75613649999997,Phaffomycetaceae,-0.14363933687166008,-0.26519131983813593,0.5416441871450877,0.5769170099083948,-0.03527282276330712
yHMPu5000035643_yarrowia_bubula_160519.max.cds,0.5527498791959096,0.42593827595276407,6.290743243935112e-178,1.3737288039938837e-98,yarrowia_lipolytica.max.cds,46.3610223,Dipodascaceae/Trichomonascaceae,-0.1268116032431455,-0.2294195042206423,0.5527498791959096,0.542023883979959,0.010725995215950523
yHMPu5000035645_yarrowia_divulgata_160519.max.cds,0.5041462768455709,0.3434648578864032,6.936839817231655e-144,1.1019664849095102e-62,yarrowia_lipolytica.max.cds,20.518709899999998,Dipodascaceae/Trichomonascaceae,-0.1606814189591677,-0.31871983656121955,0.5041462768455709,0.542023883979959,-0.03787760713438815
yHMPu5000035650_trigonopsis_variabilis_160613.max.cds,0.2223412989495727,0.22277539832613646,1.3376925152042928e-23,1.0919611786377e-23,komagataella_pastoris.max.cds,841.9384001999998,Trigonopsidaceae,4.340993765637735e-4,0.0019524010096847902,0.2223412989495727,0.5157064738633679,-0.2933651749137952
yHMPu5000035651_torulaspora_microellipsoides_160519.max.cds,0.4268553590182421,0.42436937846573214,1.9955615314396673e-84,2.2928927415030567e-83,zygosaccharomyces_bailii.max.cds,148.2902069,Saccharomycetaceae,-0.002485980552509981,-0.005823941295308278,0.4268553590182421,0.32932312219132653,0.09753223682691559
yHMPu5000035652_torulaspora_maleeae_160613.max.cds,0.11406492864956741,0.43043365722862265,1.345485684723587e-6,1.8363296009131493e-81,zygosaccharomyces_bailii.max.cds,148.2902069,Saccharomycetaceae,0.31636872857905524,2.7735845919038766,0.43043365722862265,0.32932312219132653,0.10111053503729611
yHMPu5000035654_tortispora_ganteri_160519.max.cds,0.38310500763776484,0.3726902076348463,8.889726191767953e-68,5.801284829766525e-64,komagataella_pastoris.max.cds,841.9384002999999,Trigonopsidaceae,-0.010414800002918556,-0.027185235889075104,0.38310500763776484,0.5157064738633679,-0.13260146622560304
yHMPu5000035658_starmera_amethionina_160613.max.cds,0.34814221918751814,-0.08189756179827411,1.1896128539152362e-57,2.595494391611564e-4,cyberlindnera_jadinii.max.cds,261.04748989999996,Phaffomycetaceae,-0.43003978098579226,-1.2352416836699776,0.34814221918751814,0.5769170099083948,-0.22877479072087664
yHMPu5000035659_saturnispora_dispora_160519.max.cds,0.5783957744194422,0.4985129042086845,1.7051340852398775e-161,6.948735566818709e-114,pichia_membranifaciens.max.cds,84.32174160000001,Pichiaceae,-0.07988287021075774,-0.1381110888836268,0.5783957744194422,0.4612726812516182,0.11712309316782404
yHMPu5000035665_middelhovenomyces_tepae_160613.max.cds,0.021461133420798993,0.2755388554479392,0.3456521478824185,5.104508983848256e-35,candida_apicola.max.cds,607.6621834,Dipodascaceae/Trichomonascaceae,0.25407772202714024,11.838970339791167,0.2755388554479392,0.39904673424737797,-0.12350787879943875
yHMPu5000035670_phaffomyces_opuntiae_160613.max.cds,0.4511722445163648,0.2693014795331173,1.5653753514348662e-105,4.0523636719974345e-36,cyberlindnera_jadinii.max.cds,201.75613669999998,Phaffomycetaceae,-0.1818707649832475,-0.40310716626242005,0.4511722445163648,0.5769170099083948,-0.12574476539203
yHMPu5000035671_phaffomyces_antillensis_160613.max.cds,0.4621443548766622,0.321429377581371,1.0490809258766705e-112,3.556403179843782e-52,cyberlindnera_jadinii.max.cds,201.75613669999998,Phaffomycetaceae,-0.1407149772952912,-0.30448273534109366,0.4621443548766622,0.5769170099083948,-0.11477265503173256
yHMPu5000035672_phaffomyces_thermotolerans_160613.max.cds,0.4777907324542872,0.24700727186424518,1.89883001917285e-120,1.288718251297527e-30,cyberlindnera_jadinii.max.cds,201.75613669999998,Phaffomycetaceae,-0.23078346059004204,-0.48302205320008446,0.4777907324542872,0.5769170099083948,-0.09912627745410757
yHMPu5000035673_candida_orba_160613.max.cds,0.4826076979062302,0.3447660701387513,1.3363287753370288e-123,5.607704818115478e-60,cyberlindnera_jadinii.max.cds,201.75613669999998,Phaffomycetaceae,-0.13784162776747888,-0.28561837775381127,0.4826076979062302,0.5769170099083948,-0.09430931200216458
yHMPu5000035674_kregervanrija_delftensis_160613.max.cds,0.5531536868006482,0.1485257062930211,7.172809383916823e-152,8.753040839398845e-11,pichia_membranifaciens.max.cds,100.44674530000002,Pichiaceae,-0.40462798050762716,-0.7314928746980431,0.5531536868006482,0.4612726812516182,0.09188100554903006
yHMPu5000035675_kregervanrija_fluxuum_160613.max.cds,0.540168085365383,0.422312698199502,7.325777024403387e-141,4.843178366572734e-81,pichia_membranifaciens.max.cds,100.44674530000002,Pichiaceae,-0.11785538716588095,-0.21818280338824658,0.540168085365383,0.4612726812516182,0.07889540411376478
yHMPu5000035684_kloeckera_hatyaiensis_160519.max.cds,0.6572370075995203,-0.03381592843428322,2.8851270930942225e-182,0.19535243358445276,hanseniaspora_valbyensis.max.cds,58.17554729999999,Saccharomycodaceae,-0.6910529360338036,-1.0514516499273099,0.6572370075995203,0.6918472099993018,-0.03461020239978152
yHMPu5000035686_cyberlindnera_saturnus_160519.max.cds,0.5540972129038977,0.4743651355244003,3.5172548560809676e-174,1.1108873246851769e-121,cyberlindnera_jadinii.max.cds,78.238952,Phaffomycetaceae,-0.07973207737949739,-0.14389546729830976,0.5540972129038977,0.5769170099083948,-0.0228197970044971
yHMPu5000035687_cyberlindnera_suaveolens_160613.max.cds,0.5504293756935004,0.3504356387007433,2.1886779049574742e-172,8.285722987210372e-64,cyberlindnera_jadinii.max.cds,78.238952,Phaffomycetaceae,-0.19999373699275708,-0.36334132192850305,0.5504293756935004,0.5769170099083948,-0.026487634214894418
yHMPu5000035688_cyberlindnera_xylosilytica_160519.max.cds,0.5467294852704117,0.35613887913001896,2.9035953649884743e-170,3.193561008188065e-66,yHMPu5000035703_cyberlindnera_americana_160613.max.cds,83.8079225,Phaffomycetaceae,-0.1905906061403927,-0.3486012941960261,0.5467294852704117,0.5525777127689699,-0.005848227498558289
yHMPu5000035689_candida_mycetangii_160613.max.cds,0.23010557530872858,0.5176469241816167,1.1662252430158302e-27,3.8974545006054053e-150,yHMPu5000035703_cyberlindnera_americana_160613.max.cds,46.1292228,Phaffomycetaceae,0.2875413488728882,1.2496061796290638,0.5176469241816167,0.5525777127689699,-0.03493078858735321
yHMPu5000035690_candida_vartiovaarae_160613.max.cds,0.5044986046878994,0.4671500711956176,1.1484793700534968e-140,3.1705519481029973e-118,cyberlindnera_jadinii.max.cds,61.1847408,Phaffomycetaceae,-0.037348533492281843,-0.07403099462561837,0.5044986046878994,0.5769170099083948,-0.07241840522049536
yHMPu5000035691_candida_salmanticensis_160519.max.cds,0.41488522755513074,0.41584601567060325,6.540529253100051e-82,2.5527942654280055e-82,candida_apicola.max.cds,573.8503892000001,Dipodascaceae/Trichomonascaceae,9.607881154725106e-4,0.0023157925413115348,0.41488522755513074,0.39904673424737797,0.015838493307752777
yHMPu5000035695_hanseniaspora_pseudoguilliermondii_160519.max.cds,0.6865820620674297,0.06714689919936938,3.689474670214557e-206,0.009892887661915602,hanseniaspora_valbyensis.max.cds,58.175547300000005,Saccharomycodaceae,-0.6194351628680603,-0.9022012037466036,0.6865820620674297,0.6918472099993018,-0.005265147931872161
yHMPu5000035696_hanseniaspora_singularis_160519.max.cds,0.6904513055511596,0.6214428217028733,1.845356834086183e-205,2.4098295252843734e-155,hanseniaspora_valbyensis.max.cds,40.178137,Saccharomycodaceae,-0.06900848384828628,-0.09994692354618633,0.6904513055511596,0.6918472099993018,-0.0013959044481421934
yHMPu5000035699_cyberlindnera_maclurae_160613.max.cds,0.5704260376309603,0.43736324146946026,2.501694916579499e-185,6.963713452493007e-101,cyberlindnera_jadinii.max.cds,70.2272698,Phaffomycetaceae,-0.13306279616150007,-0.2332691486421692,0.5704260376309603,0.5769170099083948,-0.006490972277434448
yHMPu5000035703_cyberlindnera_americana_160613.max.cds,0.5525777127689699,0.2602075382713708,9.339058171137353e-182,1.8313698461376372e-36,yHMPu5000035703_cyberlindnera_americana_160613.max.cds,0,Phaffomycetaceae,-0.29237017449759917,-0.5291023646837485,0.5525777127689699,0.5525777127689699,0
yHMPu5000041818_magnusiomyces_tetrasperma_160928.max.cds,0.4097773718355882,0.4068952804243777,1.934257601208383e-78,2.9037425546158693e-77,candida_apicola.max.cds,607.6621834,Dipodascaceae/Trichomonascaceae,-0.0028820914112104856,-0.007033310302860854,0.4097773718355882,0.39904673424737797,0.010730637588210246
yHMPu5000041822_dipodascus_geniculatus_160928.max.cds,0.3993010036675971,0.3318696198239184,5.843647107678238e-69,6.366809580562164e-47,candida_apicola.max.cds,607.6621834,Dipodascaceae/Trichomonascaceae,-0.0674313838436787,-0.1688735646149609,0.3993010036675971,0.39904673424737797,2.542694202191109e-4
zygosaccharomyces_bailii.max.cds,0.32932312219132653,0.35411446738351343,8.963184973293589e-51,5.853458804107942e-59,zygosaccharomyces_bailii.max.cds,0,Saccharomycetaceae,0.024791345192186898,0.07527969802795655,0.32932312219132653,0.32932312219132653,0
zygosaccharomyces_rouxii.max.cds,0.4074223900543733,0.39885572277728426,2.978920354090094e-76,7.142344776441339e-73,zygosaccharomyces_bailii.max.cds,68.69885980000001,Saccharomycetaceae,-0.008566667277089046,-0.02102650096364553,0.4074223900543733,0.32932312219132653,0.07809926786304677
ascoidea_asiatica.max.cds,0.27661439173739416,0.26655898267437733,2.24219078842496e-33,4.99257859466027e-31,candida_glabrata.max.cds,467.15668289999996,CUG-Ser2,-0.010055409063016829,-0.03635172053001134,0.27661439173739416,0.5064509002599861,-0.2298365085225919
ascoidea_rubescens.max.cds,-0.27806414173716787,-0.3001775431590193,2.686158700693245e-32,1.3289491618451154e-37,candida_glabrata.max.cds,467.15668289999996,CUG-Ser2,-0.02211340142185142,-0.07952626068108226,-0.27806414173716787,0.5064509002599861,-0.7845150419971539
babjeviella_inositovora.max.cds,0.46018908216130827,0.4574502645369792,9.398447310464271e-112,2.765789561996487e-110,clavispora_lusitaniae.max.cds,405.1147971,CUG-Ser1,-0.002738817624329093,-0.005951505001957143,0.46018908216130827,0.5753726620734287,-0.11518357991212047
candida_albicans.max.cds,0.13318665521569545,0.5263950927367383,2.9785749685614987e-10,1.6994496978387014e-158,candida_albicans.max.cds,0,CUG-Ser1,0.3932084375210429,2.9523110771438987,0.5263950927367383,0.5263950927367383,0
candida_auris.max.cds,0.588733739512594,0.5399625590461133,1.9282362112271005e-187,3.3265689782120127e-152,clavispora_lusitaniae.max.cds,115.71766530000001,CUG-Ser1,-0.04877118046648066,-0.08284081103769891,0.588733739512594,0.5753726620734287,0.013361077439165259
candida_carpophila.max.cds,0.13469018924794826,0.4754078085348054,3.398708421151935e-9,2.3996402493828445e-108,yHMPu5000035662_meyerozyma_caribbica_160613.max.cds,6.7038558,CUG-Ser1,0.3407176192868572,2.529639472550131,0.4754078085348054,0.44601734233478235,0.029390466200023058
candida_dubliniensis.max.cds,-0.12919777866602164,0.5313705893983747,1.0429340840215538e-9,1.168818472572559e-161,candida_dubliniensis.max.cds,0,CUG-Ser1,0.6605683680643963,5.112846171852353,0.5313705893983747,0.5313705893983747,0
candida_homilentoma.max.cds,-0.16072499957179956,-0.3566330946550757,6.371216431859665e-13,1.9984742374277745e-60,hyphopichia_burtonii.max.cds,115.5934336,CUG-Ser1,-0.19590809508327614,-1.2189024458249227,-0.16072499957179956,0.38811359410473706,-0.5488385936765366
candida_intermedia.max.cds,0.5664985901082027,0.34706453903825435,6.031642026116277e-176,1.2405439610113963e-59,clavispora_lusitaniae.max.cds,84.6472327,CUG-Ser1,-0.21943405106994834,-0.3873514513567207,0.5664985901082027,0.5753726620734287,-0.008874071965226049
candida_orthopsilosis.max.cds,0.6186836284744803,0.6022259113982236,3.395874525934568e-224,1.8893028107846605e-209,candida_orthopsilosis.max.cds,0,CUG-Ser1,-0.01645771707625676,-0.0266011840604824,0.6186836284744803,0.6186836284744803,0
candida_parapsilosis.max.cds,0.5228330905114443,0.3689620868919334,5.2014801007430895e-146,5.896464141211806e-68,candida_parapsilosis.max.cds,0,CUG-Ser1,-0.15387100361951095,-0.29430234316078135,0.5228330905114443,0.5228330905114443,0
candida_sojae.max.cds,0.05925854784296832,-0.49068532029995776,0.013399249762386614,3.7475049907488914e-106,candida_albicans.max.cds,54.5976822,CUG-Ser1,-0.5499438681429261,-9.280414187675424,0.05925854784296832,0.5263950927367383,-0.46713654489377004
candida_tanzawaensis.max.cds,0.1842063325070839,0.517896415517534,9.488567136627946e-18,7.700687155681615e-147,scheffersomyces_stipitis.max.cds,155.0004063,CUG-Ser1,0.33369008301045006,1.8115016919823728,0.517896415517534,0.5607188153115908,-0.04282239979405689
candida_tenuis.max.cds,0.03195959157614404,0.3093524226843536,0.15896001185303973,2.214065360822966e-44,candida_tenuis.max.cds,0,CUG-Ser1,0.27739283110820956,8.679486108178775,0.3093524226843536,0.3093524226843536,0
candida_tropicalis.max.cds,0.5490432273281362,-0.2460645364270344,7.000336747622557e-165,3.380668433103647e-30,candida_albicans.max.cds,54.5976822,CUG-Ser1,-0.7951077637551706,-1.4481696962632302,0.5490432273281362,0.5263950927367383,0.022648134591397806
clavispora_lusitaniae.max.cds,0.1256342358296627,0.5753726620734287,4.192255816709488e-9,8.618191925813744e-192,clavispora_lusitaniae.max.cds,0,CUG-Ser1,0.44973842624376603,3.579744193720651,0.5753726620734287,0.5753726620734287,0
debaryomyces_hansenii.max.cds,0.4659738789563681,0.4523279373026922,0,0,debaryomyces_hansenii.max.cds,0,CUG-Ser1,-0.013645941653675886,-0.029284778117259307,0.4659738789563681,0.4659738789563681,0
hyphopichia_burtonii.max.cds,0.277515601246562,0.38811359410473706,1.046482935311645e-37,5.830822057694108e-75,hyphopichia_burtonii.max.cds,0,CUG-Ser1,0.11059799285817506,0.39852892003687024,0.38811359410473706,0.38811359410473706,0
lodderomyces_elongisporus.max.cds,0.6177239499623126,0.6160427945358494,2.2781249839653606e-236,9.763707003524076e-235,lodderomyces_elongisporus.max.cds,0,CUG-Ser1,-0.0016811554264631878,-0.002721531885829836,0.6177239499623126,0.6177239499623126,0
metschnikowia_aberdeeniae.max.cds,0.5326648349921754,0.537304067143166,5.76977957395053e-146,5.772604050023617e-149,clavispora_lusitaniae.max.cds,94.57665490000001,CUG-Ser1,0.004639232150990602,0.008709477041146803,0.5326648349921754,0.5753726620734287,-0.04270782708125331
metschnikowia_arizonensis.max.cds,0.5362090283308505,0.5064270118394704,1.7357035393775293e-153,1.997876220127698e-134,clavispora_lusitaniae.max.cds,94.5766548,CUG-Ser1,-0.029782016491380126,-0.05554180350914213,0.5362090283308505,0.5753726620734287,-0.03916363374257825
metschnikowia_bicuspidata.max.cds,0.05875203170649259,0.26773667394214823,0.008669807004766045,4.276121126109134e-34,clavispora_lusitaniae.max.cds,94.5766549,CUG-Ser1,0.20898464223565563,3.557062388577127,0.26773667394214823,0.5753726620734287,-0.3076359881312805
metschnikowia_borealis.max.cds,0.5462417607869852,0.532615337534976,5.7662403060565745e-161,1.1513540729343818e-151,clavispora_lusitaniae.max.cds,94.5766549,CUG-Ser1,-0.013626423252009134,-0.02494577352045948,0.5462417607869852,0.5753726620734287,-0.029130901286443578
metschnikowia_bowlesiae.max.cds,-0.06550125788483821,0.5614901718560602,0.0033589714072728813,8.66555372739651e-167,clavispora_lusitaniae.max.cds,94.57665479999999,CUG-Ser1,0.6269914297408984,9.572204412367936,0.5614901718560602,0.5753726620734287,-0.013882490217368537
metschnikowia_cerradonensis.max.cds,0.5512836281380838,0.5333026251113068,1.451118790607308e-166,5.130686172147458e-154,clavispora_lusitaniae.max.cds,94.5766549,CUG-Ser1,-0.017981003026777076,-0.03261660987014338,0.5512836281380838,0.5753726620734287,-0.024089033935344895
metschnikowia_continentalis.max.cds,0.5442672355033181,0.5301908877413767,2.3891451827488258e-161,1.0495392759497816e-151,clavispora_lusitaniae.max.cds,94.5766549,CUG-Ser1,-0.014076347761941443,-0.02586293431557415,0.5442672355033181,0.5753726620734287,-0.031105426570110617
metschnikowia_dekortum.max.cds,-0.06617508326307668,0.5568478069152657,0.003120182444277067,1.0729913731570436e-162,clavispora_lusitaniae.max.cds,94.57665479999999,CUG-Ser1,0.6230228901783423,9.414765489626014,0.5568478069152657,0.5753726620734287,-0.018524855158163045
metschnikowia_drakensbergensis.max.cds,-0.11007498989135783,0.5381731690916635,6.855572150915021e-7,1.9674544199981286e-152,clavispora_lusitaniae.max.cds,94.5766549,CUG-Ser1,0.6482481589830213,5.889150293112281,0.5381731690916635,0.5753726620734287,-0.03719949298176528
metschnikowia_hamakuensis.max.cds,0.536185341201208,0.5374969612799791,8.29484396515494e-153,1.0933470767554175e-153,clavispora_lusitaniae.max.cds,94.5766549,CUG-Ser1,0.0013116200787711696,0.0024462065222312247,0.536185341201208,0.5753726620734287,-0.039187320872220766
metschnikowia_hawaiiensis.max.cds,0.20542443680999725,0.5476215317004463,5.561886329506669e-21,7.593039029325302e-161,clavispora_lusitaniae.max.cds,94.5766549,CUG-Ser1,0.342197094890449,1.6658051992468481,0.5476215317004463,0.5753726620734287,-0.02775113037298249
metschnikowia_hibisci.max.cds,0.5288209067878463,0.3469436812264301,8.512275250900724e-147,1.4821964580345801e-58,clavispora_lusitaniae.max.cds,94.5766549,CUG-Ser1,-0.18187722556141622,-0.34392971841104264,0.5288209067878463,0.5753726620734287,-0.04655175528558242
metschnikowia_ipomoeae.max.cds,0.5417153643563165,0.5167621309747271,6.64077335970047e-158,1.957106571078137e-141,clavispora_lusitaniae.max.cds,94.5766549,CUG-Ser1,-0.02495323338158939,-0.04606336652688376,0.5417153643563165,0.5753726620734287,-0.03365729771711223
metschnikowia_kamakouana.max.cds,0.542504618440781,0.5321986461770886,5.410367953600205e-158,5.0237436863922984e-151,clavispora_lusitaniae.max.cds,94.5766549,CUG-Ser1,-0.010305972263692453,-0.018997022169715293,0.542504618440781,0.5753726620734287,-0.032868043632647725
metschnikowia_kipukae.max.cds,0.5424517834310751,0.5369087639287432,8.339322702436436e-158,4.9478339704150536e-154,clavispora_lusitaniae.max.cds,94.5766549,CUG-Ser1,-0.005543019502331936,-0.010218455670422257,0.5424517834310751,0.5753726620734287,-0.0329208786423536
metschnikowia_lockheadii.max.cds,0.5441517215036843,0.5134653543366631,1.1953810369263296e-161,3.7093863491358016e-141,clavispora_lusitaniae.max.cds,94.5766548,CUG-Ser1,-0.030686367167021222,-0.056393035167147686,0.5441517215036843,0.5753726620734287,-0.03122094056974445
metschnikowia_matae.max.cds,0.5353529968883645,0.5277383399392638,2.3641457885840197e-153,2.6891751000215698e-148,clavispora_lusitaniae.max.cds,94.5766548,CUG-Ser1,-0.007614656949100684,-0.014223618796120321,0.5353529968883645,0.5753726620734287,-0.04001966518506428
metschnikowia_matae_maris.max.cds,0.5333769147087457,0.5386959863574587,4.5696096594820353e-154,1.061341638482924e-157,clavispora_lusitaniae.max.cds,94.5766548,CUG-Ser1,0.005319071648713036,0.009972444442252537,0.5333769147087457,0.5753726620734287,-0.041995747364683034
metschnikowia_mauinuiana.max.cds,0.5407558878992814,0.5408497381603177,9.012032537950803e-158,7.766545643388987e-158,clavispora_lusitaniae.max.cds,94.5766549,CUG-Ser1,9.38502610362546e-5,1.735538403490018e-4,0.5407558878992814,0.5753726620734287,-0.034616774174147324
metschnikowia_proteae.max.cds,-0.10333041951118341,0.5369062087500447,2.741027110037784e-6,1.6359491475152626e-153,clavispora_lusitaniae.max.cds,94.5766549,CUG-Ser1,0.6402366282612281,6.196013054915891,0.5369062087500447,0.5753726620734287,-0.03846645332338405
metschnikowia_santaceciliae.max.cds,0.5492317155093863,0.5083486345757761,3.7097745191022575e-164,4.9718208256128095e-137,clavispora_lusitaniae.max.cds,94.5766549,CUG-Ser1,-0.04088308093361026,-0.07443685384354243,0.5492317155093863,0.5753726620734287,-0.026140946564042422
metschnikowia_shivogae.max.cds,0.25262921224081786,0.5312627759270396,2.0202760054710302e-30,1.022145112874824e-145,clavispora_lusitaniae.max.cds,94.57665490000001,CUG-Ser1,0.2786335636862218,1.1029348554537524,0.5312627759270396,0.5753726620734287,-0.04410988614638911
metschnikowia_similis.max.cds,-0.06940123080517285,0.50279367967744,0.0018746377897701015,6.23982177343484e-129,clavispora_lusitaniae.max.cds,94.57665479999999,CUG-Ser1,0.572194910482613,8.244737216389023,0.50279367967744,0.5753726620734287,-0.0725789823959887
meyerozyma_guilliermondii.max.cds,0.5021667408996674,0.49782804810631825,7.681015078578418e-120,1.705878866600321e-117,yHMPu5000035662_meyerozyma_caribbica_160613.max.cds,14.9627568,CUG-Ser1,-0.0043386927933491415,-0.008639944544268434,0.5021667408996674,0.44601734233478235,0.056149398564885045
millerozyma_acaciae.max.cds,0.4515120053493513,0.42957145622724713,0,0,debaryomyces_hansenii.max.cds,152.116531,CUG-Ser1,-0.02194054912210419,-0.04859350108559791,0.4515120053493513,0.4659738789563681,-0.014461873607016784
priceomyces_haplophilus.max.cds,0.04131412851973788,0.056001395307331975,0.06228132837393271,0.011473033751104996,scheffersomyces_stipitis.max.cds,179.9689368,CUG-Ser1,0.014687266787594092,0.3555022776427979,0.056001395307331975,0.5607188153115908,-0.5047174200042589
saccharomycopsis_malanga.max.cds,0.3824722948663363,0.36355565279303775,3.388110570492111e-68,2.5632295263123988e-61,candida_glabrata.max.cds,467.1566829,CUG-Ser2,-0.018916642073298573,-0.04945885578433707,0.3824722948663363,0.5064509002599861,-0.12397860539364974
scheffersomyces_lignosus.max.cds,0.5695194322980142,0.34690368696260654,8.153044017843711e-190,2.2406211859052048e-63,scheffersomyces_stipitis.max.cds,84.0147666,CUG-Ser1,-0.22261574533540762,-0.3908834935397232,0.5695194322980142,0.5607188153115908,0.008800616986423315
scheffersomyces_stipitis.max.cds,0.5607188153115908,0.2959515068688083,3.505009429109591e-186,1.2241484397198495e-46,scheffersomyces_stipitis.max.cds,0,CUG-Ser1,-0.26476730844278257,-0.47219265915956765,0.5607188153115908,0.5607188153115908,0
spathaspora_arborariae.max.cds,0.27122979872053254,0.18122477773704151,1.1541127442085917e-35,1.7144199112191758e-16,spathaspora_passalidarum.max.cds,31.8019166,CUG-Ser1,-0.09000502098349103,-0.331840459300822,0.27122979872053254,0.2610400098788858,0.01018978884164673
spathaspora_girioi.max.cds,0.2723129119494092,0.25063033083610914,2.2502903887236744e-35,4.723097587404836e-30,spathaspora_passalidarum.max.cds,31.8019166,CUG-Ser1,-0.02168258111330007,-0.07962377163124862,0.2723129119494092,0.2610400098788858,0.011272902070523394
spathaspora_gorwiae.max.cds,0.2713074603775445,0.23605812091342646,1.3612854057868657e-32,7.425496146783263e-25,spathaspora_passalidarum.max.cds,84.20374269999999,CUG-Ser1,-0.03524933946411804,-0.12992395938934362,0.2713074603775445,0.2610400098788858,0.010267450498658681
spathaspora_hagerdaliae.max.cds,0.2624558755177371,0.2289347014993857,2.398026856462432e-32,8.33113657672758e-25,spathaspora_passalidarum.max.cds,84.20374269999999,CUG-Ser1,-0.03352117401835139,-0.1277211796162894,0.2624558755177371,0.2610400098788858,0.0014158656388512658
spathaspora_passalidarum.max.cds,0.2610400098788858,0.2576796187138458,1.050803872443078e-34,7.861460263508172e-34,spathaspora_passalidarum.max.cds,0,CUG-Ser1,-0.00336039116504,-0.012873088560635258,0.2610400098788858,0.2610400098788858,0
wickerhamia_fluorescens.max.cds,0.4943669172646585,0.4768642255986781,2.809778122099947e-130,4.3032629085351e-120,scheffersomyces_stipitis.max.cds,155.00040620000001,CUG-Ser1,-0.017502691665980397,-0.035404253510374684,0.4943669172646585,0.5607188153115908,-0.06635189804693237
yHMPu5000034606_priceomyces_medius_160519.max.cds,0.5191851422136666,0.4882194336396135,1.6991689477251187e-142,8.642559183514119e-124,scheffersomyces_stipitis.max.cds,179.96893670000003,CUG-Ser1,-0.03096570857405312,-0.059642902033027405,0.5191851422136666,0.5607188153115908,-0.04153367309792422
yHMPu5000034607_saccharomycopsis_capsularis_160519.max.cds,0.18626066448139691,0.3913877526910649,3.2490879363341746e-16,3.1820036265908544e-70,candida_glabrata.max.cds,467.1566829,CUG-Ser2,0.205127088209668,1.101290434997645,0.3913877526910649,0.5064509002599861,-0.11506314756892116
yHMPu5000034632_candida_athensensis_160519.max.cds,0.4696257438593136,0.44587923318502937,2.5034348670796333e-100,1.832702848016401e-89,yHMPu5000035662_meyerozyma_caribbica_160613.max.cds,57.394482999999994,CUG-Ser1,-0.023746510674284238,-0.050564754987959114,0.4696257438593136,0.44601734233478235,0.023608401524531253
yHMPu5000034643_candida_schatavii_160519.max.cds,0.13878033126496228,0.5872923455637326,2.8414843127929177e-10,3.560499800968981e-190,clavispora_lusitaniae.max.cds,235.7035899,CUG-Ser1,0.4485120142987703,3.2318125357581247,0.5872923455637326,0.5753726620734287,0.011919683490303812
yHMPu5000034648_candida_restingae_160519.max.cds,0.5006832101505231,0.5053960089779029,1.1263199681601814e-136,1.2289766935017887e-139,scheffersomyces_stipitis.max.cds,155.0004062,CUG-Ser1,0.004712798827379849,0.009412735901335727,0.5006832101505231,0.5607188153115908,-0.06003560516106776
yHMPu5000034654_aciculoconidium_aculeatum_160519.max.cds,0.4200628352347193,0.4027634336792961,6.419995304160956e-93,6.935577130646432e-85,scheffersomyces_stipitis.max.cds,155.0004062,CUG-Ser1,-0.0172994015554232,-0.04118289004490668,0.4200628352347193,0.5607188153115908,-0.14065598007687152
yHMPu5000034665_kodamaea_laetipori_160519.max.cds,0.5365345354697892,0.28627559301746036,1.2244160266745975e-162,2.3481776509643193e-42,scheffersomyces_stipitis.max.cds,155.0004062,CUG-Ser1,-0.2502589424523289,-0.46643585064510773,0.5365345354697892,0.5607188153115908,-0.024184279841801604
yHMPu5000034973_danielozyma_ontarioensis_160519.max.cds,0.38766522083647353,0.4135973238500239,7.579145594770767e-70,3.5149077861355245e-80,hyphopichia_burtonii.max.cds,144.9408639,CUG-Ser1,0.025932103013550367,0.06689303455594008,0.38766522083647353,0.38811359410473706,-4.483732682635244e-4
yHMPu5000034986_candida_oregonensis_160519.max.cds,0.5768474004536206,0.4436828828218068,1.402505609313109e-183,2.2092860035330576e-100,clavispora_lusitaniae.max.cds,103.4671865,CUG-Ser1,-0.1331645176318138,-0.23084877825070554,0.5768474004536206,0.5753726620734287,0.0014747383801918534
yHMPu5000034988_candida_fructus_160519.max.cds,0.007112199206666707,0.4392046341155374,0.7478822884750329,3.381399085008581e-97,clavispora_lusitaniae.max.cds,44.540797,CUG-Ser1,0.43209243490887067,60.75370252619521,0.4392046341155374,0.5753726620734287,-0.13616802795789135
yHMPu5000034990_candida_corydali_160519.max.cds,0.5625984997018288,0.531888801099665,8.9522749942911208e-164,2.2684847597654973e-143,lodderomyces_elongisporus.max.cds,77.08767639999999,CUG-Ser1,-0.030709698602163882,-0.05458546124534582,0.5625984997018288,0.6177239499623126,-0.055125450260483766
yHMPu5000034998_cephaloascus_albidus_160519.max.cds,0.24404352396257348,0.207339898166451,5.671251189171895e-32,2.3890680804707024e-23,yHMPu5000034998_cephaloascus_albidus_160519.max.cds,0,CUG-Ser1,-0.03670362579612249,-0.15039786838085226,0.24404352396257348,0.24404352396257348,0
yHMPu5000034999_cephaloascus_fragrans_160519.max.cds,0.1991860148297683,0.1993222193797172,5.249442444105842e-21,4.931790840736351e-21,yHMPu5000034998_cephaloascus_albidus_160519.max.cds,173.3839024,CUG-Ser1,1.3620454994889286e-4,6.83805788600662e-4,0.1991860148297683,0.24404352396257348,-0.04485750913280517
yHMPu5000035011_candida_pyralidae_160519.max.cds,0.49737663522446135,0.52391082756747,3.342862241871198e-133,3.9474867876937826e-150,scheffersomyces_stipitis.max.cds,155.0004062,CUG-Ser1,0.026534192343008633,0.05334828872899107,0.49737663522446135,0.5607188153115908,-0.0633421800871295
yHMPu5000035018_candida_canberraensis_160519.max.cds,0.5443424483867405,0.5123035037016891,4.8355609435762825e-169,1.0349398034779776e-146,scheffersomyces_stipitis.max.cds,155.0004063,CUG-Ser1,-0.03203894468505142,-0.05885806771087714,0.5443424483867405,0.5607188153115908,-0.01637636692485034
yHMPu5000035022_candida_emberorum_160519.max.cds,0.5493593606112908,0.38782626242739476,2.1053251447797302e-169,6.235928894407678e-78,scheffersomyces_stipitis.max.cds,155.0004063,CUG-Ser1,-0.161533098183896,-0.2940390384977743,0.5493593606112908,0.5607188153115908,-0.011359454700300087
yHMPu5000035031_candida_kruisii_160519.max.cds,0.031815691890958786,0.5063247045315892,0.15056490351421153,1.8399043618423833e-133,scheffersomyces_stipitis.max.cds,155.00040620000001,CUG-Ser1,0.4745090126406304,14.914307514257574,0.5063247045315892,0.5607188153115908,-0.05439411078000167
yHMPu5000035032_candida_gatunensis_160519.max.cds,0.2630403923555144,0.4913637660621157,6.528556774258185e-33,1.0741746666775584e-121,scheffersomyces_stipitis.max.cds,155.00040620000001,CUG-Ser1,0.22832337370660127,0.8680163972611816,0.4913637660621157,0.5607188153115908,-0.06935504924947516
yHMPu5000035033_candida_cretensis_160519.max.cds,0.006468867780675012,0.41051846696659383,0.7703968537569206,1.0949201378414937e-83,scheffersomyces_stipitis.max.cds,155.00040620000001,CUG-Ser1,0.4040495991859188,62.46063652637481,0.41051846696659383,0.5607188153115908,-0.15020034834499701
yHMPu5000035252_yamadazyma_nakazawae_160928.max.cds,0.3382903833429154,0.1704972020109486,1.0012398275961618e-49,2.789533452240841e-13,candida_tenuis.max.cds,72.4330084,CUG-Ser1,-0.1677931813319668,-0.49600340297548334,0.3382903833429154,0.3093524226843536,0.0289379606585618
yHMPu5000035296_priceomyces_carsonii_160928.max.cds,0.5182379143685024,0.4549211863239913,6.078631153259922e-141,5.268660186598491e-105,scheffersomyces_stipitis.max.cds,179.9689368,CUG-Ser1,-0.0633167280445111,-0.1221769505646177,0.5182379143685024,0.5607188153115908,-0.04248090094308843
yHMPu5000035297_priceomyces_castillae_160928.max.cds,0.5166625474986946,0.46854749873571444,5.752209341464859e-141,6.372930234827101e-113,scheffersomyces_stipitis.max.cds,179.9689368,CUG-Ser1,-0.04811504876298012,-0.09312664329148357,0.5166625474986946,0.5607188153115908,-0.04405626781289629
yHMPu5000035302_candida_fragi_160928.max.cds,0.5249725432410552,0.37374720045889215,2.0156936468504047e-146,2.329613550479009e-69,clavispora_lusitaniae.max.cds,235.7035899,CUG-Ser1,-0.1512253427821631,-0.28806333727195316,0.5249725432410552,0.5753726620734287,-0.0504001188323735
yHMPu5000035318_hyphopichia_heimii_160928.max.cds,0.36451401217827145,0.10364178713702421,1.0489615713243572e-63,3.524175194538361e-6,hyphopichia_burtonii.max.cds,144.9408639,CUG-Ser1,-0.26087222504124724,-0.7156713221593892,0.36451401217827145,0.38811359410473706,-0.023599581926465607
yHMPu5000035335_candida_blattae_160928.max.cds,0.5432934913659744,0.542503444993905,7.488644120928371e-158,2.6074765563909403e-157,clavispora_lusitaniae.max.cds,84.6472327,CUG-Ser1,-7.90046372069364e-4,-0.0014541797106440422,0.5432934913659744,0.5753726620734287,-0.03207917070745436
yHMPu5000035640_yamadazyma_philogaea_160519.max.cds,0.04770738860070583,0.3222535623754114,0.04630562685889337,1.8698776230691547e-43,candida_tenuis.max.cds,72.4330084,CUG-Ser1,0.2745461737747056,5.754793582867449,0.3222535623754114,0.3093524226843536,0.012901139691057828
yHMPu5000035641_yamadazyma_scolyti_160613.max.cds,0.36613020573889143,0.26979285186807245,5.526623869280998e-56,3.221720984366909e-30,candida_tenuis.max.cds,96.2106674,CUG-Ser1,-0.09633735387081899,-0.2631232068831893,0.36613020573889143,0.3093524226843536,0.056777783054537845
yHMPu5000035662_meyerozyma_caribbica_160613.max.cds,0.1507458375077667,0.44601734233478235,9.650207806041332e-12,2.2575541012818945e-99,yHMPu5000035662_meyerozyma_caribbica_160613.max.cds,0,CUG-Ser1,0.29527150482701564,1.9587373668729173,0.44601734233478235,0.44601734233478235,0
yHMPu5000035667_kurtzmaniella_cleridarum_160928.max.cds,0.5195684324308443,0.5134436177762316,1.8865374282574955e-144,1.5207952227688864e-140,clavispora_lusitaniae.max.cds,235.7035899,CUG-Ser1,-0.006124814654612676,-0.011788273252008824,0.5195684324308443,0.5753726620734287,-0.05580422964258447
yHMPu5000035677_kodamaea_ohmeri_160519.max.cds,0.5299307882467995,0.5329147458737671,3.4589310115399238e-155,3.059127050957798e-157,scheffersomyces_stipitis.max.cds,155.0004062,CUG-Ser1,0.0029839576269675705,0.005630844051993222,0.5299307882467995,0.5607188153115908,-0.030788027064791335
yHMPu5000035679_candida_rhagii_160613.max.cds,0.3418402079699055,0.3060153536104257,1.720800087207985e-55,2.805164798354017e-44,hyphopichia_burtonii.max.cds,144.9408639,CUG-Ser1,-0.035824854359479796,-0.10480000165057733,0.3418402079699055,0.38811359410473706,-0.04627338613483156
yHMPu5000035681_candida_gotoi_160519.max.cds,0.2740908727637092,-0.18028397982775174,8.804506071610227e-36,4.580968407076263e-16,hyphopichia_burtonii.max.cds,144.9408639,CUG-Ser1,-0.45437485259146093,-1.6577525840605887,0.2740908727637092,0.38811359410473706,-0.11402272134102787
yHMPu5000035707_candida_heveicola_160519.max.cds,0.5712985136860124,0.463999994828476,1.2700791579143755e-175,1.5208519499097942e-108,clavispora_lusitaniae.max.cds,115.71766530000001,CUG-Ser1,-0.10729851885753638,-0.18781515492705803,0.5712985136860124,0.5753726620734287,-0.004074148387416376
yHMPu5000041678_debaryomyces_prosopidis_160928.max.cds,0.7427553689481001,0.7234629456009574,0,0,yHMPu5000041829_debaryomyces_fabryi_160928.max.cds,20.4223926,CUG-Ser1,-0.019292423347142762,-0.025974128432709877,0.7427553689481001,0.7695468437522482,-0.02679147480414812
yHMPu5000041693_debaryomyces_nepalensis_160928.max.cds,0.761620415110405,0.747477446085889,0,0,yHMPu5000041829_debaryomyces_fabryi_160928.max.cds,62.90084399999999,CUG-Ser1,-0.014142969024516061,-0.018569577106813617,0.761620415110405,0.7695468437522482,-0.00792642864184323
yHMPu5000041713_debaryomyces_maramus_160928.max.cds,0.474970768344209,0.45983947952451887,0,0,debaryomyces_hansenii.max.cds,97.5327182,CUG-Ser1,-0.015131288819690114,-0.03185730539258059,0.474970768344209,0.4659738789563681,0.008996889387840878
yHMPu5000041743_candida_hawaiiana_160928.max.cds,0.02509063764816483,0.5022937159528924,0.2555807558938655,8.43095984546273e-132,clavispora_lusitaniae.max.cds,94.5766549,CUG-Ser1,0.4772030783047276,19.01916902218031,0.5022937159528924,0.5753726620734287,-0.07307894612053634
yHMPu5000041824_debaryomyces_subglobosus_160928.max.cds,0.7461276156341403,0.705566455559753,0,5.252988908757963e-307,yHMPu5000041829_debaryomyces_fabryi_160928.max.cds,17.1607508,CUG-Ser1,-0.04056116007438737,-0.054362228691822494,0.7461276156341403,0.7695468437522482,-0.023419228118107926
yHMPu5000041829_debaryomyces_fabryi_160928.max.cds,0.7695468437522482,0.7474165698476495,0,0,yHMPu5000041829_debaryomyces_fabryi_160928.max.cds,0,CUG-Ser1,-0.022130273904598763,-0.028757539692701922,0.7695468437522482,0.7695468437522482,0
yHMPu5000041833_candida_tammaniensis_160928.max.cds,0.1712701613187365,0.28605259515490805,1.2585415376190753e-13,4.056050777677982e-36,candida_tenuis.max.cds,117.85749700000001,CUG-Ser1,0.11478243383617154,0.670183486442566,0.28605259515490805,0.3093524226843536,-0.023299827529445538
yHMPu5000041840_candida_wancherniae_160928.max.cds,0.06777824851850033,-0.1251630651543169,0.0026004812407113167,2.4532163692047458e-8,clavispora_lusitaniae.max.cds,94.5766549,CUG-Ser1,-0.19294131367281725,-2.8466553487311375,0.06777824851850033,0.5753726620734287,-0.5075944135549284
yHMPu5000041855_candida_ascalaphidarum_160928.max.cds,0.42725206983103253,0.30579409885208,2.6387594533120206e-81,1.58065085977596e-40,candida_tenuis.max.cds,183.7956608,CUG-Ser1,-0.12145797097895256,-0.2842770803357047,0.42725206983103253,0.3093524226843536,0.11789964714667894
yHMPu5000041862_candida_golubevii_160928.max.cds,0.23390419198620105,0.5180135133424866,4.387375026808731e-27,2.6921946334468856e-142,clavispora_lusitaniae.max.cds,94.5766549,CUG-Ser1,0.2841093213562855,1.2146397161323483,0.5180135133424866,0.5753726620734287,-0.05735914873094217
yHMPu5000041863_candida_gorgasii_160928.max.cds,0.3895780023000221,0.34755606926434607,1.70756280574195e-67,3.4852629334815857e-53,candida_tenuis.max.cds,117.85749700000001,CUG-Ser1,-0.04202193303567603,-0.10786526135352495,0.3895780023000221,0.3093524226843536,0.08022557961566851
